Date,RSP,EINC,USAI,SPY,GROWTH_SLEEVE
2024-11-30,0.0642689707382269,0.13408616193344858,0.1479023003141422,0.05963314337997505,0.21429755763064126
2024-12-31,-0.06274832051374157,-0.058941246598947505,-0.04697786969096762,-0.02405981579133909,-0.03955632413585429
2025-01-31,0.03429786372670729,0.033177508739417716,0.03378462007228178,0.026856346816883425,0.08827324644021248
2025-02-28,-0.005848763187669581,0.01997114246011167,0.0010494856615528292,-0.012694821908283194,-0.023701597703863625
2025-03-31,-0.033954571237215125,0.013790296408144886,0.010256502951847546,-0.05571931022636345,-0.1199014008431931
2025-04-30,-0.02361012452187583,-0.0534107312074511,-0.06677063302050656,-0.008670178174235654,0.05579007535062862
2025-05-31,0.043100380536707394,0.026903549177691,0.029492660918757352,0.062844908465443,0.19718091184318795
2025-06-30,0.03430049719855077,0.026521056118103514,0.043626345214359485,0.0513862457746872,0.2286526379162822
2025-07-31,0.010399390215432014,-0.009219829562095216,-0.01157622936778091,0.02303146683242674,0.12688281345191724
2025-08-31,0.02717416004335882,0.007588264743239925,-0.002830287557175737,0.02051954476092477,0.039472333171967716
2025-09-30,0.010103359795968103,0.01880205772430532,0.005018031318389404,0.03562036554306092,0.20278830023493913
2025-10-31,-0.009330546716395105,-0.06252527908920191,-0.06673975153812495,0.023837597287101886,0.1449554657402715
2025-11-30,0.019156095059661427,0.05857496273231333,0.04654510319919103,0.0019498720874142617,-0.059993589044472495
2025-12-31,0.004134079008138336,-0.004516130970315002,-0.007167280223780437,0.000797497263286262,0.025156391104087326
2026-01-31,0.03403628702642436,0.07574029057523424,0.08907074882055022,0.014737883533700424,0.08596700761895015
2026-02-28,0.034784059332964024,0.10477876022999522,0.09945581501046119,-0.008642082420245334,0.04061761130445657
2026-03-31,-0.05965932440284516,0.035328262802390764,0.04001377029957731,-0.049379608638833394,-0.029267167983634546
2026-04-30,0.06002503079178356,0.03174605910087647,0.013840612789047357,0.10505274506872397,0.2835912062344886
2026-05-31,0.026494331091808876,-0.035968990216177166,-0.05176459797762012,0.05262574755586291,0.2124114330962751
2026-06-30,0.02281286208226141,0.024054920757560216,0.017705600521941145,-0.010292580956815511,-0.01785564978503072
2026-07-31,0.010527735778810499,0.026006780688099473,0.027428013028543363,0.00034822442006920973,-0.1335170813565029
2026-08-31,0.020371166350836356,0.01655178187704065,0.031154719176410106,0.026799359784972054,0.16259779955637493
2026-09-30,-0.04826132519748716,-0.08145239764394707,-0.0909613896350816,-0.003293417783052144,0.04184266488884747
2026-10-31,0.008220322180353401,0.017895318213067002,0.020451949721989715,0.009191888229866052,0.027867280697844596
