Date,CURRENT_RSP7,EINC7_REPLACES_RSP,USAI7_REPLACES_RSP
2024-11-30,0.17745768668899856,0.1823448762762832,0.18331199092170491
2024-12-31,-0.03654406282954039,-0.036277555922358755,-0.03544009973102668
2025-01-31,0.07622494011498247,0.07614650245749686,0.07618898449935735
2025-02-28,-0.018795660728783293,-0.016988267333438604,-0.018312783294567717
2025-03-31,-0.09639744641832089,-0.09305530568314568,-0.09330265702208143
2025-04-30,0.0454564353311868,0.04337039286319653,0.042435199736282646
2025-05-31,0.16299974061218653,0.16186596888719615,0.16204722162081509
2025-06-30,0.18800068819466978,0.1874561271062794,0.188653482226556
2025-07-31,0.10361957152881358,0.10224622008492555,0.10208127209852755
2025-08-31,0.03567553493643169,0.03430452805502446,0.033575223604394265
2025-09-30,0.16874833447557755,0.1693572316981776,0.16839235570379854
2025-10-31,0.11812091703541318,0.11439728007598468,0.11410229366125396
2025-11-30,-0.04540600496678887,-0.042646671976148146,-0.04348878457328401
2025-12-31,0.02159422988458388,0.020988715186092147,0.020803141962468647
2026-01-31,0.07592890348684568,0.07884818373526237,0.07978130007647422
2026-02-28,0.038173584705591346,0.04307321376838353,0.042700607603016145
2026-03-31,-0.03096515929983902,-0.024316028195472506,-0.023988042670669448
2026-04-30,0.2336898848997517,0.23171035688138822,0.2304569814409799
2026-05-31,0.17368225430179526,0.1693098271006529,0.1682041234091199
2026-06-30,-0.016133313955253296,-0.016046375119425638,-0.016490821394472957
2026-07-31,-0.1068867470297222,-0.10580321388607197,-0.10570372169262897
2026-08-31,0.13633675408611162,0.13606939717294592,0.13709159683278233
2026-09-30,0.02872509999228913,0.026401724921036936,0.02573609548165752
2026-10-31,0.01319405741652668,0.013581608987067612,0.013734081372721413
