strategy,ann_return,ann_vol,sharpe,sortino,max_drawdown,worst_month,ending_value,months
BASE_AAOI_CURRENT,1.0503025228790488,0.3608389661095957,2.2128179239905976,5.851463655233407,-0.12767967449058804,-0.11349799415331152,11510.136426112076,23
FN_DIRECT_LAYER_EQ,0.9574476099343494,0.32924677632297994,2.2474826548472024,5.8933532375658135,-0.12399936919988686,-0.10835416356603833,10904.48110621881,23
FN_2_GLOBAL,0.9748299369181934,0.3317073699323861,2.261125817241408,5.902305480650095,-0.12055469885455627,-0.10678389964646007,11027.079625020331,23
FN_2_OPTICS,0.9886704311352541,0.3315549780226802,2.284294149001569,5.668795199559718,-0.11874528921817318,-0.10905597006155754,11177.80708886936,23
FN_3_GLOBAL,0.9645856566747926,0.3303009517344324,2.2528735869855634,5.897843162797246,-0.12252303377962581,-0.10767336082270418,10953.468981310562,23
FN_3_OPTICS,0.9709994555320867,0.3300933184761301,2.2645368428034174,5.799070579732198,-0.12165909947924036,-0.1085983319331767,11023.032606848115,23
FN_4_GLOBAL,0.954987425237896,0.3289113475958563,2.245442075228027,5.891157125861208,-0.12445833701750719,-0.10856008881684243,10886.713582694538,23
FN_4_OPTICS,0.9533147331477632,0.32900437042803893,2.242143578512576,5.9219201063437055,-0.12471647248927531,-0.10827842880227678,10868.451520060742,23
FN_5_GLOBAL,0.9447920399724672,0.32759816176607054,2.2364284850654688,5.880974353079552,-0.12641397463732384,-0.10943764012054691,10813.786061320858,23
FN_5_OPTICS,0.9356461146762489,0.32800298621444735,2.218892162897978,6.045598193097364,-0.12777655889614603,-0.1079525725515027,10714.775543368856,23
