strategy,ticker,target_weight,target_percent
BASE_AAOI_CURRENT,MU,0.09259259259259259,9.25925925925926
BASE_AAOI_CURRENT,PLTR,0.09259259259259259,9.25925925925926
BASE_AAOI_CURRENT,SGOV,0.08,8.0
BASE_AAOI_CURRENT,RSP,0.07,7.000000000000001
BASE_AAOI_CURRENT,NVDA,0.05648148148148148,5.648148148148148
BASE_AAOI_CURRENT,QCOM,0.05648148148148148,5.648148148148148
BASE_AAOI_CURRENT,MP,0.03765432098765432,3.765432098765432
BASE_AAOI_CURRENT,FCX,0.03765432098765432,3.765432098765432
BASE_AAOI_CURRENT,LEU,0.03765432098765432,3.765432098765432
BASE_AAOI_CURRENT,VRT,0.03765432098765432,3.765432098765432
BASE_AAOI_CURRENT,BE,0.03765432098765432,3.765432098765432
BASE_AAOI_CURRENT,GEV,0.03765432098765432,3.765432098765432
BASE_AAOI_CURRENT,AAOI,0.03765432098765432,3.765432098765432
BASE_AAOI_CURRENT,LITE,0.03765432098765432,3.765432098765432
BASE_AAOI_CURRENT,MRVL,0.03765432098765432,3.765432098765432
BASE_AAOI_CURRENT,ORCL,0.03765432098765432,3.765432098765432
BASE_AAOI_CURRENT,NBIS,0.03765432098765432,3.765432098765432
BASE_AAOI_CURRENT,NET,0.03765432098765432,3.765432098765432
BASE_AAOI_CURRENT,GLD,0.03,3.0
BASE_AAOI_CURRENT,ADBE,0.02,2.0
BASE_AAOI_CURRENT,TSM,0.02,2.0
BASE_AAOI_CURRENT,SNPS,0.02,2.0
FN_DIRECT_LAYER_EQ,MU,0.09259259259259259,9.25925925925926
FN_DIRECT_LAYER_EQ,PLTR,0.09259259259259259,9.25925925925926
FN_DIRECT_LAYER_EQ,SGOV,0.08,8.0
FN_DIRECT_LAYER_EQ,RSP,0.07,7.000000000000001
FN_DIRECT_LAYER_EQ,NVDA,0.05648148148148148,5.648148148148148
FN_DIRECT_LAYER_EQ,QCOM,0.05648148148148148,5.648148148148148
FN_DIRECT_LAYER_EQ,MP,0.03765432098765432,3.765432098765432
FN_DIRECT_LAYER_EQ,FCX,0.03765432098765432,3.765432098765432
FN_DIRECT_LAYER_EQ,LEU,0.03765432098765432,3.765432098765432
FN_DIRECT_LAYER_EQ,VRT,0.03765432098765432,3.765432098765432
FN_DIRECT_LAYER_EQ,BE,0.03765432098765432,3.765432098765432
FN_DIRECT_LAYER_EQ,GEV,0.03765432098765432,3.765432098765432
FN_DIRECT_LAYER_EQ,LITE,0.03765432098765432,3.765432098765432
FN_DIRECT_LAYER_EQ,MRVL,0.03765432098765432,3.765432098765432
FN_DIRECT_LAYER_EQ,ORCL,0.03765432098765432,3.765432098765432
FN_DIRECT_LAYER_EQ,NBIS,0.03765432098765432,3.765432098765432
FN_DIRECT_LAYER_EQ,NET,0.03765432098765432,3.765432098765432
FN_DIRECT_LAYER_EQ,FN,0.03765432098765432,3.765432098765432
FN_DIRECT_LAYER_EQ,GLD,0.03,3.0
FN_DIRECT_LAYER_EQ,ADBE,0.02,2.0
FN_DIRECT_LAYER_EQ,TSM,0.02,2.0
FN_DIRECT_LAYER_EQ,SNPS,0.02,2.0
FN_2_GLOBAL,MU,0.09488734835355288,9.488734835355288
FN_2_GLOBAL,PLTR,0.09488734835355288,9.488734835355288
FN_2_GLOBAL,SGOV,0.08,8.0
FN_2_GLOBAL,RSP,0.07,7.000000000000001
FN_2_GLOBAL,NVDA,0.057881282495667256,5.788128249566726
FN_2_GLOBAL,QCOM,0.057881282495667256,5.788128249566726
FN_2_GLOBAL,MP,0.038587521663778164,3.8587521663778164
FN_2_GLOBAL,FCX,0.038587521663778164,3.8587521663778164
FN_2_GLOBAL,LEU,0.038587521663778164,3.8587521663778164
FN_2_GLOBAL,VRT,0.038587521663778164,3.8587521663778164
FN_2_GLOBAL,BE,0.038587521663778164,3.8587521663778164
FN_2_GLOBAL,GEV,0.038587521663778164,3.8587521663778164
FN_2_GLOBAL,LITE,0.038587521663778164,3.8587521663778164
FN_2_GLOBAL,MRVL,0.038587521663778164,3.8587521663778164
FN_2_GLOBAL,ORCL,0.038587521663778164,3.8587521663778164
FN_2_GLOBAL,NBIS,0.038587521663778164,3.8587521663778164
FN_2_GLOBAL,NET,0.038587521663778164,3.8587521663778164
FN_2_GLOBAL,GLD,0.03,3.0
FN_2_GLOBAL,ADBE,0.02,2.0
FN_2_GLOBAL,SNPS,0.02,2.0
FN_2_GLOBAL,TSM,0.02,2.0
FN_2_GLOBAL,FN,0.02,2.0
FN_2_OPTICS,MU,0.09259259259259259,9.25925925925926
FN_2_OPTICS,PLTR,0.09259259259259259,9.25925925925926
FN_2_OPTICS,SGOV,0.08,8.0
FN_2_OPTICS,RSP,0.07,7.000000000000001
FN_2_OPTICS,NVDA,0.05648148148148148,5.648148148148148
FN_2_OPTICS,QCOM,0.05648148148148148,5.648148148148148
FN_2_OPTICS,LITE,0.04648148148148148,4.648148148148148
FN_2_OPTICS,MRVL,0.04648148148148148,4.648148148148148
FN_2_OPTICS,MP,0.03765432098765432,3.765432098765432
FN_2_OPTICS,FCX,0.03765432098765432,3.765432098765432
FN_2_OPTICS,LEU,0.03765432098765432,3.765432098765432
FN_2_OPTICS,VRT,0.03765432098765432,3.765432098765432
FN_2_OPTICS,BE,0.03765432098765432,3.765432098765432
FN_2_OPTICS,GEV,0.03765432098765432,3.765432098765432
FN_2_OPTICS,ORCL,0.03765432098765432,3.765432098765432
FN_2_OPTICS,NBIS,0.03765432098765432,3.765432098765432
FN_2_OPTICS,NET,0.03765432098765432,3.765432098765432
FN_2_OPTICS,GLD,0.03,3.0
FN_2_OPTICS,ADBE,0.02,2.0
FN_2_OPTICS,TSM,0.02,2.0
FN_2_OPTICS,SNPS,0.02,2.0
FN_2_OPTICS,FN,0.02,2.0
FN_3_GLOBAL,MU,0.09358752166377818,9.358752166377817
FN_3_GLOBAL,PLTR,0.09358752166377818,9.358752166377817
FN_3_GLOBAL,SGOV,0.08,8.0
FN_3_GLOBAL,RSP,0.07,7.000000000000001
FN_3_GLOBAL,NVDA,0.05708838821490469,5.708838821490469
FN_3_GLOBAL,QCOM,0.05708838821490469,5.708838821490469
FN_3_GLOBAL,MP,0.038058925476603125,3.8058925476603127
FN_3_GLOBAL,FCX,0.038058925476603125,3.8058925476603127
FN_3_GLOBAL,LEU,0.038058925476603125,3.8058925476603127
FN_3_GLOBAL,VRT,0.038058925476603125,3.8058925476603127
FN_3_GLOBAL,BE,0.038058925476603125,3.8058925476603127
FN_3_GLOBAL,GEV,0.038058925476603125,3.8058925476603127
FN_3_GLOBAL,LITE,0.038058925476603125,3.8058925476603127
FN_3_GLOBAL,MRVL,0.038058925476603125,3.8058925476603127
FN_3_GLOBAL,ORCL,0.038058925476603125,3.8058925476603127
FN_3_GLOBAL,NBIS,0.038058925476603125,3.8058925476603127
FN_3_GLOBAL,NET,0.038058925476603125,3.8058925476603127
FN_3_GLOBAL,GLD,0.03,3.0
FN_3_GLOBAL,FN,0.03,3.0
FN_3_GLOBAL,ADBE,0.02,2.0
FN_3_GLOBAL,SNPS,0.02,2.0
FN_3_GLOBAL,TSM,0.02,2.0
FN_3_OPTICS,MU,0.09259259259259259,9.25925925925926
FN_3_OPTICS,PLTR,0.09259259259259259,9.25925925925926
FN_3_OPTICS,SGOV,0.08,8.0
FN_3_OPTICS,RSP,0.07,7.000000000000001
FN_3_OPTICS,NVDA,0.05648148148148148,5.648148148148148
FN_3_OPTICS,QCOM,0.05648148148148148,5.648148148148148
FN_3_OPTICS,LITE,0.04148148148148148,4.148148148148148
FN_3_OPTICS,MRVL,0.04148148148148148,4.148148148148148
FN_3_OPTICS,MP,0.03765432098765432,3.765432098765432
FN_3_OPTICS,FCX,0.03765432098765432,3.765432098765432
FN_3_OPTICS,LEU,0.03765432098765432,3.765432098765432
FN_3_OPTICS,VRT,0.03765432098765432,3.765432098765432
FN_3_OPTICS,BE,0.03765432098765432,3.765432098765432
FN_3_OPTICS,GEV,0.03765432098765432,3.765432098765432
FN_3_OPTICS,ORCL,0.03765432098765432,3.765432098765432
FN_3_OPTICS,NBIS,0.03765432098765432,3.765432098765432
FN_3_OPTICS,NET,0.03765432098765432,3.765432098765432
FN_3_OPTICS,GLD,0.03,3.0
FN_3_OPTICS,FN,0.03,3.0
FN_3_OPTICS,ADBE,0.02,2.0
FN_3_OPTICS,TSM,0.02,2.0
FN_3_OPTICS,SNPS,0.02,2.0
FN_4_GLOBAL,MU,0.09228769497400346,9.228769497400346
FN_4_GLOBAL,PLTR,0.09228769497400346,9.228769497400346
FN_4_GLOBAL,SGOV,0.08,8.0
FN_4_GLOBAL,RSP,0.07,7.000000000000001
FN_4_GLOBAL,NVDA,0.05629549393414211,5.629549393414211
FN_4_GLOBAL,QCOM,0.05629549393414211,5.629549393414211
FN_4_GLOBAL,FN,0.04,4.0
FN_4_GLOBAL,MP,0.03753032928942807,3.7530329289428073
FN_4_GLOBAL,FCX,0.03753032928942807,3.7530329289428073
FN_4_GLOBAL,LEU,0.03753032928942807,3.7530329289428073
FN_4_GLOBAL,VRT,0.03753032928942807,3.7530329289428073
FN_4_GLOBAL,BE,0.03753032928942807,3.7530329289428073
FN_4_GLOBAL,GEV,0.03753032928942807,3.7530329289428073
FN_4_GLOBAL,LITE,0.03753032928942807,3.7530329289428073
FN_4_GLOBAL,MRVL,0.03753032928942807,3.7530329289428073
FN_4_GLOBAL,ORCL,0.03753032928942807,3.7530329289428073
FN_4_GLOBAL,NBIS,0.03753032928942807,3.7530329289428073
FN_4_GLOBAL,NET,0.03753032928942807,3.7530329289428073
FN_4_GLOBAL,GLD,0.03,3.0
FN_4_GLOBAL,ADBE,0.02,2.0
FN_4_GLOBAL,SNPS,0.02,2.0
FN_4_GLOBAL,TSM,0.02,2.0
FN_4_OPTICS,MU,0.09259259259259259,9.25925925925926
FN_4_OPTICS,PLTR,0.09259259259259259,9.25925925925926
FN_4_OPTICS,SGOV,0.08,8.0
FN_4_OPTICS,RSP,0.07,7.000000000000001
FN_4_OPTICS,NVDA,0.05648148148148148,5.648148148148148
FN_4_OPTICS,QCOM,0.05648148148148148,5.648148148148148
FN_4_OPTICS,FN,0.04,4.0
FN_4_OPTICS,MP,0.03765432098765432,3.765432098765432
FN_4_OPTICS,FCX,0.03765432098765432,3.765432098765432
FN_4_OPTICS,LEU,0.03765432098765432,3.765432098765432
FN_4_OPTICS,VRT,0.03765432098765432,3.765432098765432
FN_4_OPTICS,BE,0.03765432098765432,3.765432098765432
FN_4_OPTICS,GEV,0.03765432098765432,3.765432098765432
FN_4_OPTICS,ORCL,0.03765432098765432,3.765432098765432
FN_4_OPTICS,NBIS,0.03765432098765432,3.765432098765432
FN_4_OPTICS,NET,0.03765432098765432,3.765432098765432
FN_4_OPTICS,LITE,0.036481481481481476,3.6481481481481475
FN_4_OPTICS,MRVL,0.036481481481481476,3.6481481481481475
FN_4_OPTICS,GLD,0.03,3.0
FN_4_OPTICS,ADBE,0.02,2.0
FN_4_OPTICS,TSM,0.02,2.0
FN_4_OPTICS,SNPS,0.02,2.0
FN_5_GLOBAL,MU,0.09098786828422877,9.098786828422876
FN_5_GLOBAL,PLTR,0.09098786828422877,9.098786828422876
FN_5_GLOBAL,SGOV,0.08,8.0
FN_5_GLOBAL,RSP,0.07,7.000000000000001
FN_5_GLOBAL,NVDA,0.05550259965337955,5.550259965337955
FN_5_GLOBAL,QCOM,0.05550259965337955,5.550259965337955
FN_5_GLOBAL,FN,0.05,5.0
FN_5_GLOBAL,MP,0.03700173310225303,3.7001733102253027
FN_5_GLOBAL,FCX,0.03700173310225303,3.7001733102253027
FN_5_GLOBAL,LEU,0.03700173310225303,3.7001733102253027
FN_5_GLOBAL,VRT,0.03700173310225303,3.7001733102253027
FN_5_GLOBAL,BE,0.03700173310225303,3.7001733102253027
FN_5_GLOBAL,GEV,0.03700173310225303,3.7001733102253027
FN_5_GLOBAL,LITE,0.03700173310225303,3.7001733102253027
FN_5_GLOBAL,MRVL,0.03700173310225303,3.7001733102253027
FN_5_GLOBAL,ORCL,0.03700173310225303,3.7001733102253027
FN_5_GLOBAL,NBIS,0.03700173310225303,3.7001733102253027
FN_5_GLOBAL,NET,0.03700173310225303,3.7001733102253027
FN_5_GLOBAL,GLD,0.03,3.0
FN_5_GLOBAL,ADBE,0.02,2.0
FN_5_GLOBAL,SNPS,0.02,2.0
FN_5_GLOBAL,TSM,0.02,2.0
FN_5_OPTICS,MU,0.09259259259259259,9.25925925925926
FN_5_OPTICS,PLTR,0.09259259259259259,9.25925925925926
FN_5_OPTICS,SGOV,0.08,8.0
FN_5_OPTICS,RSP,0.07,7.000000000000001
FN_5_OPTICS,NVDA,0.05648148148148148,5.648148148148148
FN_5_OPTICS,QCOM,0.05648148148148148,5.648148148148148
FN_5_OPTICS,FN,0.05,5.0
FN_5_OPTICS,MP,0.03765432098765432,3.765432098765432
FN_5_OPTICS,FCX,0.03765432098765432,3.765432098765432
FN_5_OPTICS,LEU,0.03765432098765432,3.765432098765432
FN_5_OPTICS,VRT,0.03765432098765432,3.765432098765432
FN_5_OPTICS,BE,0.03765432098765432,3.765432098765432
FN_5_OPTICS,GEV,0.03765432098765432,3.765432098765432
FN_5_OPTICS,ORCL,0.03765432098765432,3.765432098765432
FN_5_OPTICS,NBIS,0.03765432098765432,3.765432098765432
FN_5_OPTICS,NET,0.03765432098765432,3.765432098765432
FN_5_OPTICS,LITE,0.03148148148148148,3.148148148148148
FN_5_OPTICS,MRVL,0.03148148148148148,3.148148148148148
FN_5_OPTICS,GLD,0.03,3.0
FN_5_OPTICS,ADBE,0.02,2.0
FN_5_OPTICS,TSM,0.02,2.0
FN_5_OPTICS,SNPS,0.02,2.0
