date,ticker,side,dollars,strategy
2024-11-30,AAOI,SELL,26.195953034747788,CURRENT_V08
2024-11-30,BE,SELL,15.852228859062848,CURRENT_V08
2024-11-30,RSP,BUY,18.409575335054306,CURRENT_V08
2024-11-30,SGOV,BUY,23.45079213180722,CURRENT_V08
2024-11-30,GLD,BUY,9.321132075226483,CURRENT_V08
2024-11-30,LEU,BUY,10.70265804928192,CURRENT_V08
2024-11-30,QCOM,BUY,29.269458714969936,CURRENT_V08
2024-11-30,FCX,BUY,9.12508153017586,CURRENT_V08
2024-11-30,MU,BUY,31.87673416269044,CURRENT_V08
2024-11-30,NBIS,BUY,11.231513286936625,CURRENT_V08
2024-11-30,NVDA,BUY,42.5280628791929,CURRENT_V08
2024-11-30,ORCL,BUY,12.220062787681734,CURRENT_V08
2024-11-30,GEV,BUY,6.03095061857552,CURRENT_V08
2024-11-30,NET,BUY,5.64883958328506,CURRENT_V08
2024-11-30,MRVL,BUY,8.66119362010095,CURRENT_V08
2024-11-30,VRT,BUY,10.563859578800201,CURRENT_V08
2024-11-30,MP,BUY,6.283128915613197,CURRENT_V08
2024-11-30,LITE,BUY,3.756666541379418,CURRENT_V08
2024-12-31,RSP,BUY,14.998364405150433,CURRENT_V08
2024-12-31,SGOV,BUY,12.905234511661227,CURRENT_V08
2024-12-31,GLD,BUY,5.26863084330396,CURRENT_V08
2024-12-31,LEU,BUY,11.32308268777469,CURRENT_V08
2024-12-31,MP,BUY,11.122731576082035,CURRENT_V08
2024-12-31,BE,BUY,7.898782598015416,CURRENT_V08
2024-12-31,MU,BUY,28.919413955816367,CURRENT_V08
2024-12-31,FCX,BUY,8.233342030687346,CURRENT_V08
2024-12-31,VRT,BUY,12.567021255181317,CURRENT_V08
2024-12-31,AAOI,BUY,12.41315308790395,CURRENT_V08
2024-12-31,ORCL,BUY,12.132944963165919,CURRENT_V08
2024-12-31,LITE,BUY,6.952268315922332,CURRENT_V08
2024-12-31,NVDA,BUY,29.001745041780282,CURRENT_V08
2024-12-31,QCOM,BUY,17.569815376309293,CURRENT_V08
2024-12-31,GEV,BUY,4.403554712156318,CURRENT_V08
2024-12-31,NET,BUY,2.5473485620308907,CURRENT_V08
2024-12-31,PLTR,BUY,0.09975303218583775,CURRENT_V08
2024-12-31,MRVL,BUY,4.987651607279986e-07,CURRENT_V08
2025-01-31,MP,SELL,4.566974077355958,CURRENT_V08
2025-01-31,RSP,BUY,14.400107406275268,CURRENT_V08
2025-01-31,SGOV,BUY,18.81123600133904,CURRENT_V08
2025-01-31,GLD,BUY,5.205313429401087,CURRENT_V08
2025-01-31,AAOI,BUY,23.562208733369417,CURRENT_V08
2025-01-31,NVDA,BUY,52.727940364877725,CURRENT_V08
2025-01-31,FCX,BUY,8.740263314648104,CURRENT_V08
2025-01-31,MRVL,BUY,9.180098630013077,CURRENT_V08
2025-01-31,LITE,BUY,7.907314525491081,CURRENT_V08
2025-01-31,ORCL,BUY,10.82643495378506,CURRENT_V08
2025-01-31,VRT,BUY,10.490919519810546,CURRENT_V08
2025-01-31,PLTR,BUY,5.031774334512956,CURRENT_V08
2025-01-31,BE,BUY,4.486300430292687,CURRENT_V08
2025-01-31,MU,BUY,16.58077179969858,CURRENT_V08
2025-01-31,QCOM,BUY,11.214478677059631,CURRENT_V08
2025-01-31,GEV,BUY,2.7614006007460112,CURRENT_V08
2025-01-31,NBIS,BUY,0.25313708485501074,CURRENT_V08
2025-01-31,LEU,BUY,1.2656854266879236e-06,CURRENT_V08
2025-02-28,RSP,BUY,12.173103757377248,CURRENT_V08
2025-02-28,SGOV,BUY,13.035065862646121,CURRENT_V08
2025-02-28,GLD,BUY,4.352134741995634,CURRENT_V08
2025-02-28,AAOI,BUY,21.346134044672233,CURRENT_V08
2025-02-28,VRT,BUY,19.526858333106425,CURRENT_V08
2025-02-28,MRVL,BUY,15.606849451225557,CURRENT_V08
2025-02-28,LITE,BUY,13.100327851699163,CURRENT_V08
2025-02-28,GEV,BUY,7.199256107850161,CURRENT_V08
2025-02-28,QCOM,BUY,26.222503530482257,CURRENT_V08
2025-02-28,ORCL,BUY,9.753623773552413,CURRENT_V08
2025-02-28,NBIS,BUY,7.358447894426895,CURRENT_V08
2025-02-28,BE,BUY,3.6137184767696553,CURRENT_V08
2025-02-28,MU,BUY,14.229142449528524,CURRENT_V08
2025-02-28,PLTR,BUY,3.2904525592294895,CURRENT_V08
2025-02-28,FCX,BUY,3.945224793431443,CURRENT_V08
2025-02-28,NVDA,BUY,18.373819052186008,CURRENT_V08
2025-02-28,NET,BUY,1.7577921751050667,CURRENT_V08
2025-02-28,LEU,BUY,1.745130890020988,CURRENT_V08
2025-02-28,MP,BUY,1.646809087716811,CURRENT_V08
2025-03-31,RSP,BUY,6.205259386070068,CURRENT_V08
2025-03-31,SGOV,BUY,3.0232453726178363,CURRENT_V08
2025-03-31,NBIS,BUY,20.809596003110833,CURRENT_V08
2025-03-31,MRVL,BUY,19.67523005956169,CURRENT_V08
2025-03-31,LEU,BUY,14.13561635278343,CURRENT_V08
2025-03-31,AAOI,BUY,22.434643025014033,CURRENT_V08
2025-03-31,VRT,BUY,18.561510807051462,CURRENT_V08
2025-03-31,NET,BUY,8.712598979620324,CURRENT_V08
2025-03-31,BE,BUY,7.249032508807527,CURRENT_V08
2025-03-31,ORCL,BUY,12.899654961214665,CURRENT_V08
2025-03-31,NVDA,BUY,34.54043591690825,CURRENT_V08
2025-03-31,LITE,BUY,6.907680638128241,CURRENT_V08
2025-03-31,GEV,BUY,4.1009278547740635,CURRENT_V08
2025-03-31,MU,BUY,14.579099368668665,CURRENT_V08
2025-03-31,QCOM,BUY,5.798742183962709,CURRENT_V08
2025-03-31,PLTR,BUY,2.899371092190961e-05,CURRENT_V08
2025-03-31,MP,BUY,1.4496848166345444e-10,CURRENT_V08
2025-03-31,FCX,BUY,1.7763568394002505e-15,CURRENT_V08
2025-04-30,PLTR,SELL,7.272475312721298,CURRENT_V08
2025-04-30,RSP,BUY,16.693688506649693,CURRENT_V08
2025-04-30,SGOV,BUY,16.008686105975855,CURRENT_V08
2025-04-30,GLD,BUY,1.1294293056458216,CURRENT_V08
2025-04-30,AAOI,BUY,22.00091899464384,CURRENT_V08
2025-04-30,MU,BUY,38.45701636227315,CURRENT_V08
2025-04-30,BE,BUY,7.531078469263164,CURRENT_V08
2025-04-30,LITE,BUY,9.793374365451228,CURRENT_V08
2025-04-30,MRVL,BUY,11.080474792046296,CURRENT_V08
2025-04-30,FCX,BUY,8.223956546348965,CURRENT_V08
2025-04-30,QCOM,BUY,24.441309515791573,CURRENT_V08
2025-04-30,MP,BUY,6.658169684986234,CURRENT_V08
2025-04-30,NVDA,BUY,30.738996105317398,CURRENT_V08
2025-04-30,ORCL,BUY,9.55398809859227,CURRENT_V08
2025-04-30,NET,BUY,2.6096185790934854,CURRENT_V08
2025-04-30,NBIS,BUY,0.295895236646043,CURRENT_V08
2025-04-30,LEU,BUY,1.4794761824532543e-06,CURRENT_V08
2025-05-31,NBIS,SELL,14.969935419421077,CURRENT_V08
2025-05-31,LEU,SELL,23.49729960894036,CURRENT_V08
2025-05-31,RSP,BUY,28.33704404393778,CURRENT_V08
2025-05-31,SGOV,BUY,37.48447173267007,CURRENT_V08
2025-05-31,GLD,BUY,14.252024916949011,CURRENT_V08
2025-05-31,MP,BUY,19.507219412544146,CURRENT_V08
2025-05-31,QCOM,BUY,48.421351488886074,CURRENT_V08
2025-05-31,BE,BUY,11.52727443239003,CURRENT_V08
2025-05-31,MRVL,BUY,16.960988081647713,CURRENT_V08
2025-05-31,FCX,BUY,10.940418379423065,CURRENT_V08
2025-05-31,PLTR,BUY,7.312948761244662,CURRENT_V08
2025-05-31,ORCL,BUY,9.50523895994462,CURRENT_V08
2025-05-31,AAOI,BUY,7.144827215596052,CURRENT_V08
2025-05-31,LITE,BUY,3.948670760192954,CURRENT_V08
2025-05-31,MU,BUY,11.290718537988909,CURRENT_V08
2025-05-31,NVDA,BUY,7.073278973574173,CURRENT_V08
2025-06-30,AAOI,SELL,36.41108283391284,CURRENT_V08
2025-06-30,NBIS,SELL,15.754198137022527,CURRENT_V08
2025-06-30,MP,SELL,13.129087166398605,CURRENT_V08
2025-06-30,RSP,BUY,41.26201183036193,CURRENT_V08
2025-06-30,SGOV,BUY,52.320237778079246,CURRENT_V08
2025-06-30,GLD,BUY,19.577215456920257,CURRENT_V08
2025-06-30,PLTR,BUY,14.728119495781371,CURRENT_V08
2025-06-30,QCOM,BUY,42.306589084742484,CURRENT_V08
2025-06-30,FCX,BUY,11.910360442460131,CURRENT_V08
2025-06-30,NVDA,BUY,55.097048855049366,CURRENT_V08
2025-06-30,GEV,BUY,7.674221253358482,CURRENT_V08
2025-06-30,VRT,BUY,12.224600293633998,CURRENT_V08
2025-06-30,NET,BUY,1.5534654721287922,CURRENT_V08
2025-06-30,MRVL,BUY,7.767327360852505e-06,CURRENT_V08
2025-06-30,BE,BUY,3.8841818650325877e-11,CURRENT_V08
2025-07-31,BE,SELL,26.972370002224082,CURRENT_V08
2025-07-31,LEU,SELL,11.907709237734878,CURRENT_V08
2025-07-31,MP,SELL,58.02703532539702,CURRENT_V08
2025-07-31,RSP,BUY,25.776870555026022,CURRENT_V08
2025-07-31,SGOV,BUY,30.92195896898852,CURRENT_V08
2025-07-31,GLD,BUY,12.411060052467903,CURRENT_V08
2025-07-31,MU,BUY,76.75511155810017,CURRENT_V08
2025-07-31,AAOI,BUY,34.89644960093456,CURRENT_V08
2025-07-31,QCOM,BUY,58.166312891349605,CURRENT_V08
2025-07-31,FCX,BUY,17.55920582006206,CURRENT_V08
2025-07-31,NBIS,BUY,17.641156338911728,CURRENT_V08
2025-07-31,MRVL,BUY,14.235598844571868,CURRENT_V08
2025-07-31,NET,BUY,4.529995930076176,CURRENT_V08
2025-07-31,NVDA,BUY,2.2649979644739915e-05,CURRENT_V08
2025-07-31,VRT,BUY,1.1324985393912357e-10,CURRENT_V08
2025-08-31,LITE,SELL,13.469015693686728,CURRENT_V08
2025-08-31,NBIS,SELL,19.88874531211104,CURRENT_V08
2025-08-31,BE,SELL,25.071270760116533,CURRENT_V08
2025-08-31,RSP,BUY,15.346669340769154,CURRENT_V08
2025-08-31,SGOV,BUY,23.41620227472714,CURRENT_V08
2025-08-31,GLD,BUY,4.437639295107019,CURRENT_V08
2025-08-31,MU,BUY,2.164536369335906,CURRENT_V08
2025-08-31,MRVL,BUY,39.56537031213817,CURRENT_V08
2025-08-31,VRT,BUY,35.97864896426401,CURRENT_V08
2025-08-31,ORCL,BUY,29.611484257754825,CURRENT_V08
2025-08-31,LEU,BUY,15.115032168951458,CURRENT_V08
2025-08-31,NVDA,BUY,65.05466779756927,CURRENT_V08
2025-08-31,NET,BUY,10.36027167612474,CURRENT_V08
2025-08-31,PLTR,BUY,7.260033962334674,CURRENT_V08
2025-08-31,GEV,BUY,6.616719262085994,CURRENT_V08
2025-08-31,AAOI,BUY,0.42767807621490306,CURRENT_V08
2025-08-31,QCOM,BUY,2.138390392758538e-06,CURRENT_V08
2025-09-30,MU,SELL,66.40192535915918,CURRENT_V08
2025-09-30,NBIS,SELL,58.035231901466204,CURRENT_V08
2025-09-30,BE,SELL,32.321874067103366,CURRENT_V08
2025-09-30,LEU,SELL,32.520828371206704,CURRENT_V08
2025-09-30,RSP,BUY,51.26234561872465,CURRENT_V08
2025-09-30,SGOV,BUY,60.49443946809947,CURRENT_V08
2025-09-30,GLD,BUY,10.850469289473423,CURRENT_V08
2025-09-30,MP,BUY,23.6011655856383,CURRENT_V08
2025-09-30,FCX,BUY,34.54548440072401,CURRENT_V08
2025-09-30,PLTR,BUY,5.040228933918598,CURRENT_V08
2025-09-30,VRT,BUY,6.809040138672856,CURRENT_V08
2025-09-30,NET,BUY,16.75357179535827,CURRENT_V08
2025-09-30,NVDA,BUY,80.84651753218566,CURRENT_V08
2025-09-30,QCOM,BUY,60.01534998070099,CURRENT_V08
2025-09-30,AAOI,BUY,31.29665081737052,CURRENT_V08
2025-09-30,GEV,BUY,0.00015648325408790242,CURRENT_V08
2025-10-31,AAOI,SELL,39.15648330898489,CURRENT_V08
2025-10-31,MU,SELL,69.95678884619247,CURRENT_V08
2025-10-31,BE,SELL,40.31432803765949,CURRENT_V08
2025-10-31,RSP,BUY,55.93120362681168,CURRENT_V08
2025-10-31,SGOV,BUY,59.543186490034486,CURRENT_V08
2025-10-31,GLD,BUY,18.285647785999373,CURRENT_V08
2025-10-31,MP,BUY,30.29406514544472,CURRENT_V08
2025-10-31,FCX,BUY,14.320354662494822,CURRENT_V08
2025-10-31,PLTR,BUY,8.55994451150363,CURRENT_V08
2025-10-31,QCOM,BUY,37.178489046895095,CURRENT_V08
2025-10-31,NVDA,BUY,62.031436397560014,CURRENT_V08
2025-10-31,ORCL,BUY,48.174021419375975,CURRENT_V08
2025-10-31,GEV,BUY,7.441029500577095,CURRENT_V08
2025-10-31,NBIS,BUY,3.720514750682469e-05,CURRENT_V08
2025-11-30,LITE,SELL,124.18517783531581,CURRENT_V08
2025-11-30,BE,BUY,19.53994592083265,CURRENT_V08
2025-11-30,ORCL,BUY,53.42290645670457,CURRENT_V08
2025-11-30,PLTR,BUY,17.842197802810148,CURRENT_V08
2025-11-30,MP,BUY,0.2820379130383799,CURRENT_V08
2025-11-30,NET,BUY,24.028320646512455,CURRENT_V08
2025-11-30,AAOI,BUY,57.35258246794899,CURRENT_V08
2025-11-30,QCOM,BUY,25.78512791548195,CURRENT_V08
2025-11-30,GEV,BUY,30.33575737561904,CURRENT_V08
2025-11-30,NVDA,BUY,84.52585827621704,CURRENT_V08
2025-11-30,NBIS,BUY,11.818162414593473,CURRENT_V08
2025-11-30,LEU,BUY,5.90908120798872e-05,CURRENT_V08
2025-12-31,AAOI,SELL,54.15668204927556,CURRENT_V08
2025-12-31,MU,SELL,111.45150211429393,CURRENT_V08
2025-12-31,FCX,SELL,23.174935718841027,CURRENT_V08
2025-12-31,RSP,BUY,13.683901145468155,CURRENT_V08
2025-12-31,SGOV,BUY,22.377927425787846,CURRENT_V08
2025-12-31,MP,BUY,38.85448879112366,CURRENT_V08
2025-12-31,BE,BUY,34.842825431651605,CURRENT_V08
2025-12-31,ORCL,BUY,28.168097081100058,CURRENT_V08
2025-12-31,VRT,BUY,37.87709841892212,CURRENT_V08
2025-12-31,PLTR,BUY,3.0622904736767396,CURRENT_V08
2025-12-31,NET,BUY,11.688265991494646,CURRENT_V08
2025-12-31,QCOM,BUY,26.679396076656303,CURRENT_V08
2025-12-31,NBIS,BUY,75.29227683456139,CURRENT_V08
2025-12-31,MRVL,BUY,24.905334460055144,CURRENT_V08
2025-12-31,LEU,BUY,59.56122991050505,CURRENT_V08
2025-12-31,NVDA,BUY,7.772713397124711,CURRENT_V08
2026-01-31,AAOI,SELL,32.845735284908415,CURRENT_V08
2026-01-31,MU,SELL,181.43007558518082,CURRENT_V08
2026-01-31,BE,SELL,81.27862806900058,CURRENT_V08
2026-01-31,RSP,BUY,34.29587587158943,CURRENT_V08
2026-01-31,SGOV,BUY,52.367968654514755,CURRENT_V08
2026-01-31,ORCL,BUY,74.03320044133272,CURRENT_V08
2026-01-31,PLTR,BUY,39.908633246323674,CURRENT_V08
2026-01-31,GEV,BUY,0.6396616204198438,CURRENT_V08
2026-01-31,NET,BUY,30.01899026140272,CURRENT_V08
2026-01-31,LITE,BUY,2.044861938503942,CURRENT_V08
2026-01-31,QCOM,BUY,120.75957935379603,CURRENT_V08
2026-01-31,NVDA,BUY,96.1013396906227,CURRENT_V08
2026-01-31,MRVL,BUY,38.53951712854332,CURRENT_V08
2026-01-31,NBIS,BUY,0.00019269758564632866,CURRENT_V08
2026-02-28,AAOI,SELL,244.14763411071795,CURRENT_V08
2026-02-28,LITE,SELL,141.1466189659182,CURRENT_V08
2026-02-28,VRT,SELL,84.77248186856104,CURRENT_V08
2026-02-28,RSP,BUY,32.00048704199082,CURRENT_V08
2026-02-28,SGOV,BUY,51.82532923242769,CURRENT_V08
2026-02-28,GLD,BUY,2.492853749812923,CURRENT_V08
2026-02-28,ORCL,BUY,67.93558029820298,CURRENT_V08
2026-02-28,MP,BUY,13.82660296214732,CURRENT_V08
2026-02-28,BE,BUY,12.365870462849301,CURRENT_V08
2026-02-28,MU,BUY,73.4826361413368,CURRENT_V08
2026-02-28,PLTR,BUY,26.165376230176946,CURRENT_V08
2026-02-28,NVDA,BUY,170.2982895667559,CURRENT_V08
2026-02-28,NET,BUY,20.944165784037438,CURRENT_V08
2026-02-28,QCOM,BUY,97.57607105646582,CURRENT_V08
2026-02-28,LEU,BUY,66.27191232410883,CURRENT_V08
2026-02-28,NBIS,BUY,28.006828766525885,CURRENT_V08
2026-02-28,MRVL,BUY,0.00014003414383978452,CURRENT_V08
2026-03-31,MRVL,SELL,31.334993254927042,CURRENT_V08
2026-03-31,NBIS,SELL,30.282965172463946,CURRENT_V08
2026-03-31,NET,SELL,33.53795481312869,CURRENT_V08
2026-03-31,RSP,BUY,25.58967249892453,CURRENT_V08
2026-03-31,GLD,BUY,21.060595079319683,CURRENT_V08
2026-03-31,MP,BUY,34.909740780050896,CURRENT_V08
2026-03-31,BE,BUY,20.71942797677653,CURRENT_V08
2026-03-31,LEU,BUY,27.573471857150167,CURRENT_V08
2026-03-31,MU,BUY,122.3050633733884,CURRENT_V08
2026-03-31,FCX,BUY,13.718049469226003,CURRENT_V08
2026-03-31,VRT,BUY,4.023196425880769,CURRENT_V08
2026-03-31,QCOM,BUY,25.502655223288627,CURRENT_V08
2026-03-31,NVDA,BUY,0.00012751327612647856,CURRENT_V08
2026-04-30,AAOI,SELL,212.3585867221475,CURRENT_V08
2026-04-30,MU,SELL,148.7649717480972,CURRENT_V08
2026-04-30,MRVL,SELL,92.92993927961987,CURRENT_V08
2026-04-30,BE,SELL,127.77450816136667,CURRENT_V08
2026-04-30,RSP,BUY,117.89966444892582,CURRENT_V08
2026-04-30,SGOV,BUY,160.88570180566535,CURRENT_V08
2026-04-30,GLD,BUY,65.44176213057253,CURRENT_V08
2026-04-30,FCX,BUY,65.32978167694381,CURRENT_V08
2026-04-30,LEU,BUY,19.842895566262456,CURRENT_V08
2026-04-30,ORCL,BUY,64.8537609526964,CURRENT_V08
2026-04-30,PLTR,BUY,48.9465177946513,CURRENT_V08
2026-04-30,LITE,BUY,5.1598726171901035,CURRENT_V08
2026-04-30,NET,BUY,53.076705154299276,CURRENT_V08
2026-04-30,NVDA,BUY,159.30558967218215,CURRENT_V08
2026-04-30,VRT,BUY,0.0007965279483386212,CURRENT_V08
2026-05-31,ORCL,SELL,77.70985016656982,CURRENT_V08
2026-05-31,MU,SELL,599.0288237417242,CURRENT_V08
2026-05-31,QCOM,SELL,161.06714664957065,CURRENT_V08
2026-05-31,NBIS,SELL,164.1479815038624,CURRENT_V08
2026-05-31,RSP,BUY,117.18733617199382,CURRENT_V08
2026-05-31,SGOV,BUY,150.25597613726552,CURRENT_V08
2026-05-31,GLD,BUY,61.13505763697475,CURRENT_V08
2026-05-31,GEV,BUY,65.71455956278794,CURRENT_V08
2026-05-31,LEU,BUY,92.2196762318103,CURRENT_V08
2026-05-31,MP,BUY,52.14920840448747,CURRENT_V08
2026-05-31,BE,BUY,46.30478048904723,CURRENT_V08
2026-05-31,AAOI,BUY,110.80983409006762,CURRENT_V08
2026-05-31,FCX,BUY,21.425652432595427,CURRENT_V08
2026-05-31,LITE,BUY,82.52743848904976,CURRENT_V08
2026-05-31,VRT,BUY,113.47917287129764,CURRENT_V08
2026-05-31,PLTR,BUY,20.4402399003028,CURRENT_V08
2026-05-31,NVDA,BUY,247.6670328905377,CURRENT_V08
2026-05-31,NET,BUY,1.1096698362021584,CURRENT_V08
2026-06-30,MU,SELL,202.87656550328688,CURRENT_V08
2026-06-30,MRVL,SELL,200.061383967422,CURRENT_V08
2026-06-30,NBIS,SELL,79.95548246872909,CURRENT_V08
2026-06-30,GEV,SELL,54.89231074114235,CURRENT_V08
2026-06-30,SGOV,BUY,2.6677791543347666,CURRENT_V08
2026-06-30,GLD,BUY,39.006630265078456,CURRENT_V08
2026-06-30,LEU,BUY,27.34022810032411,CURRENT_V08
2026-06-30,AAOI,BUY,37.460217326743816,CURRENT_V08
2026-06-30,FCX,BUY,15.545496029409378,CURRENT_V08
2026-06-30,ORCL,BUY,188.67284243752107,CURRENT_V08
2026-06-30,PLTR,BUY,68.92622562574255,CURRENT_V08
2026-06-30,QCOM,BUY,268.27737658189517,CURRENT_V08
2026-06-30,NET,BUY,5.452526203912214,CURRENT_V08
2026-06-30,LITE,BUY,0.9353699430247389,CURRENT_V08
2026-06-30,NVDA,BUY,82.59110067380517,CURRENT_V08
2026-06-30,MP,BUY,0.0004129555033784982,CURRENT_V08
2026-07-31,RSP,SELL,104.39990336748201,CURRENT_V08
2026-07-31,SGOV,SELL,98.9356333780787,CURRENT_V08
2026-07-31,GLD,SELL,38.750667882621656,CURRENT_V08
2026-07-31,NVDA,SELL,180.0881215112472,CURRENT_V08
2026-07-31,LEU,SELL,53.23926581864157,CURRENT_V08
2026-07-31,FCX,SELL,35.47600197801444,CURRENT_V08
2026-07-31,PLTR,SELL,44.550763667495545,CURRENT_V08
2026-07-31,NET,SELL,66.54898370850876,CURRENT_V08
2026-07-31,GEV,BUY,11.732234594801923,CURRENT_V08
2026-07-31,NBIS,BUY,84.05080168272781,CURRENT_V08
2026-07-31,MU,BUY,194.20327899243318,CURRENT_V08
2026-07-31,AAOI,BUY,133.18888820911684,CURRENT_V08
2026-07-31,BE,BUY,45.01733215379065,CURRENT_V08
2026-07-31,VRT,BUY,67.2218268735956,CURRENT_V08
2026-07-31,QCOM,BUY,89.26212044382828,CURRENT_V08
2026-07-31,MRVL,BUY,109.43104158500267,CURRENT_V08
2026-07-31,LITE,BUY,20.47317838989113,CURRENT_V08
2026-07-31,MP,BUY,79.1119211770406,CURRENT_V08
2026-08-31,LITE,SELL,47.40962366910321,CURRENT_V08
2026-08-31,MP,SELL,51.01617550278763,CURRENT_V08
2026-08-31,PLTR,SELL,88.91595596272367,CURRENT_V08
2026-08-31,RSP,BUY,77.40792735483876,CURRENT_V08
2026-08-31,SGOV,BUY,101.68174316267812,CURRENT_V08
2026-08-31,GLD,BUY,10.841833592801322,CURRENT_V08
2026-08-31,GEV,BUY,54.316965345847365,CURRENT_V08
2026-08-31,LEU,BUY,47.78410004156348,CURRENT_V08
2026-08-31,NBIS,BUY,20.440256319764273,CURRENT_V08
2026-08-31,BE,BUY,31.920923290302596,CURRENT_V08
2026-08-31,VRT,BUY,29.868870250505793,CURRENT_V08
2026-08-31,NVDA,BUY,0.00014934435127145207,CURRENT_V08
2026-08-31,NET,BUY,7.467377827197197e-10,CURRENT_V08
2026-09-30,NBIS,SELL,45.61147095487274,CURRENT_V08
2026-09-30,BE,SELL,66.1514232696444,CURRENT_V08
2026-09-30,RSP,BUY,60.36820514249189,CURRENT_V08
2026-09-30,SGOV,BUY,49.49484655650042,CURRENT_V08
2026-09-30,GLD,BUY,22.88790144012694,CURRENT_V08
2026-09-30,GEV,BUY,0.08564221397006122,CURRENT_V08
2026-09-30,PLTR,BUY,39.99178263651089,CURRENT_V08
2026-09-30,AAOI,BUY,28.40157069434406,CURRENT_V08
2026-09-30,NVDA,BUY,104.1813906307808,CURRENT_V08
2026-09-30,VRT,BUY,0.0005209069531701971,CURRENT_V08
2026-09-30,NET,BUY,2.604537030492793e-09,CURRENT_V08
2024-11-30,AAOI,SELL,24.578535989441257,EQUAL_WEIGHT
2024-11-30,BE,SELL,30.155896981361387,EQUAL_WEIGHT
2024-11-30,RSP,BUY,21.09832938198241,EQUAL_WEIGHT
2024-11-30,SGOV,BUY,26.523546349563162,EQUAL_WEIGHT
2024-11-30,GLD,BUY,10.473368815571693,EQUAL_WEIGHT
2024-11-30,LEU,BUY,20.005105791503304,EQUAL_WEIGHT
2024-11-30,QCOM,BUY,17.541675364556344,EQUAL_WEIGHT
2024-11-30,FCX,BUY,17.343006806819396,EQUAL_WEIGHT
2024-11-30,MU,BUY,17.31336339399696,EQUAL_WEIGHT
2024-11-30,NBIS,BUY,16.159476347515824,EQUAL_WEIGHT
2024-11-30,NVDA,BUY,15.83468169021452,EQUAL_WEIGHT
2024-11-30,ORCL,BUY,14.31795685341078,EQUAL_WEIGHT
2024-11-30,GEV,BUY,14.157765180554907,EQUAL_WEIGHT
2024-11-30,NET,BUY,13.383784624098126,EQUAL_WEIGHT
2024-11-30,MRVL,BUY,12.906511852589805,EQUAL_WEIGHT
2024-11-30,VRT,BUY,12.640489041066985,EQUAL_WEIGHT
2024-11-30,MP,BUY,12.547308697945795,EQUAL_WEIGHT
2024-11-30,LITE,BUY,7.728231944723383,EQUAL_WEIGHT
2024-11-30,PLTR,BUY,1.3428674420024223,EQUAL_WEIGHT
2024-12-31,RSP,BUY,15.163837676694527,EQUAL_WEIGHT
2024-12-31,SGOV,BUY,12.889763726692493,EQUAL_WEIGHT
2024-12-31,GLD,BUY,5.283586986924323,EQUAL_WEIGHT
2024-12-31,LEU,BUY,19.626462753412536,EQUAL_WEIGHT
2024-12-31,MP,BUY,19.271696643846703,EQUAL_WEIGHT
2024-12-31,BE,BUY,16.362297906974575,EQUAL_WEIGHT
2024-12-31,MU,BUY,14.212105535523598,EQUAL_WEIGHT
2024-12-31,FCX,BUY,14.160426641901957,EQUAL_WEIGHT
2024-12-31,VRT,BUY,12.933955759915484,EQUAL_WEIGHT
2024-12-31,AAOI,BUY,12.770034910691379,EQUAL_WEIGHT
2024-12-31,ORCL,BUY,12.472724723934178,EQUAL_WEIGHT
2024-12-31,LITE,BUY,9.783110039816371,EQUAL_WEIGHT
2024-12-31,NVDA,BUY,9.525166329227218,EQUAL_WEIGHT
2024-12-31,QCOM,BUY,9.411304540868493,EQUAL_WEIGHT
2024-12-31,GEV,BUY,8.943318526546967,EQUAL_WEIGHT
2024-12-31,NET,BUY,5.002974946498121,EQUAL_WEIGHT
2024-12-31,PLTR,BUY,0.6031006464351769,EQUAL_WEIGHT
2024-12-31,MRVL,BUY,3.015503232006722e-06,EQUAL_WEIGHT
2025-01-31,MP,SELL,6.906742941277969,EQUAL_WEIGHT
2025-01-31,RSP,BUY,16.507698686824554,EQUAL_WEIGHT
2025-01-31,SGOV,BUY,21.31393628037887,EQUAL_WEIGHT
2025-01-31,GLD,BUY,6.069866112481087,EQUAL_WEIGHT
2025-01-31,AAOI,BUY,25.918592974711686,EQUAL_WEIGHT
2025-01-31,NVDA,BUY,19.018231944265857,EQUAL_WEIGHT
2025-01-31,FCX,BUY,16.447700665474507,EQUAL_WEIGHT
2025-01-31,LITE,BUY,13.003457166354181,EQUAL_WEIGHT
2025-01-31,MRVL,BUY,12.782855983080339,EQUAL_WEIGHT
2025-01-31,ORCL,BUY,12.508591141734662,EQUAL_WEIGHT
2025-01-31,VRT,BUY,12.155278707547161,EQUAL_WEIGHT
2025-01-31,PLTR,BUY,11.633751243239935,EQUAL_WEIGHT
2025-01-31,BE,BUY,10.556401521925757,EQUAL_WEIGHT
2025-01-31,MU,BUY,9.422417322195834,EQUAL_WEIGHT
2025-01-31,QCOM,BUY,7.322940742893188,EQUAL_WEIGHT
2025-01-31,GEV,BUY,6.923126210651041,EQUAL_WEIGHT
2025-01-31,LEU,BUY,1.778348906615129,EQUAL_WEIGHT
2025-01-31,NBIS,BUY,0.8408858431908328,EQUAL_WEIGHT
2025-02-28,RSP,BUY,11.88926882578366,EQUAL_WEIGHT
2025-02-28,SGOV,BUY,12.659665173406097,EQUAL_WEIGHT
2025-02-28,GLD,BUY,4.180193309530935,EQUAL_WEIGHT
2025-02-28,AAOI,BUY,22.15383544630857,EQUAL_WEIGHT
2025-02-28,VRT,BUY,20.20422404100008,EQUAL_WEIGHT
2025-02-28,MRVL,BUY,20.18454507198716,EQUAL_WEIGHT
2025-02-28,LITE,BUY,19.333593858430525,EQUAL_WEIGHT
2025-02-28,GEV,BUY,14.709118141552366,EQUAL_WEIGHT
2025-02-28,QCOM,BUY,14.069156512617582,EQUAL_WEIGHT
2025-02-28,ORCL,BUY,9.732281957346167,EQUAL_WEIGHT
2025-02-28,NBIS,BUY,9.229004557470738,EQUAL_WEIGHT
2025-02-28,BE,BUY,7.025725806869758,EQUAL_WEIGHT
2025-02-28,MU,BUY,6.541866692219571,EQUAL_WEIGHT
2025-02-28,PLTR,BUY,6.332902724881436,EQUAL_WEIGHT
2025-02-28,FCX,BUY,6.326455622362502,EQUAL_WEIGHT
2025-02-28,NVDA,BUY,5.632659489672548,EQUAL_WEIGHT
2025-02-28,NET,BUY,4.245245078091244,EQUAL_WEIGHT
2025-02-28,MP,BUY,2.2225694873012714,EQUAL_WEIGHT
2025-02-28,LEU,BUY,1.6468144826982325,EQUAL_WEIGHT
2025-03-31,RSP,BUY,4.885948430343632,EQUAL_WEIGHT
2025-03-31,SGOV,BUY,1.3207809958602184,EQUAL_WEIGHT
2025-03-31,NBIS,BUY,26.428769613830767,EQUAL_WEIGHT
2025-03-31,MRVL,BUY,24.924223694039775,EQUAL_WEIGHT
2025-03-31,LEU,BUY,23.825967298706573,EQUAL_WEIGHT
2025-03-31,AAOI,BUY,22.63288021635495,EQUAL_WEIGHT
2025-03-31,VRT,BUY,18.523671105497343,EQUAL_WEIGHT
2025-03-31,NET,BUY,17.318325489541834,EQUAL_WEIGHT
2025-03-31,BE,BUY,14.212381665404656,EQUAL_WEIGHT
2025-03-31,ORCL,BUY,12.516362352588587,EQUAL_WEIGHT
2025-03-31,NVDA,BUY,10.65167967251704,EQUAL_WEIGHT
2025-03-31,LITE,BUY,9.300762584519319,EQUAL_WEIGHT
2025-03-31,GEV,BUY,7.5329941259636115,EQUAL_WEIGHT
2025-03-31,MU,BUY,5.771190752585598,EQUAL_WEIGHT
2025-03-31,QCOM,BUY,2.8855953765116737e-05,EQUAL_WEIGHT
2025-03-31,PLTR,BUY,1.4427747885292774e-10,EQUAL_WEIGHT
2025-04-30,PLTR,SELL,15.319254434994832,EQUAL_WEIGHT
2025-04-30,RSP,BUY,19.22500080737619,EQUAL_WEIGHT
2025-04-30,SGOV,BUY,18.804893521793545,EQUAL_WEIGHT
2025-04-30,GLD,BUY,1.249846608823752,EQUAL_WEIGHT
2025-04-30,AAOI,BUY,24.42783362039014,EQUAL_WEIGHT
2025-04-30,MU,BUY,20.9525543048686,EQUAL_WEIGHT
2025-04-30,BE,BUY,17.181975218876275,EQUAL_WEIGHT
2025-04-30,QCOM,BUY,16.88922423969092,EQUAL_WEIGHT
2025-04-30,LITE,BUY,16.061685664065223,EQUAL_WEIGHT
2025-04-30,MRVL,BUY,15.915455087714847,EQUAL_WEIGHT
2025-04-30,FCX,BUY,14.653645474808073,EQUAL_WEIGHT
2025-04-30,MP,BUY,11.885123145783297,EQUAL_WEIGHT
2025-04-30,NVDA,BUY,11.80701299543668,EQUAL_WEIGHT
2025-04-30,ORCL,BUY,11.429694322247869,EQUAL_WEIGHT
2025-04-30,NET,BUY,6.902368228444033,EQUAL_WEIGHT
2025-04-30,NBIS,BUY,5.521788911701382,EQUAL_WEIGHT
2025-04-30,LEU,BUY,2.7608944556334336e-05,EQUAL_WEIGHT
2025-05-31,NBIS,SELL,25.59772910581495,EQUAL_WEIGHT
2025-05-31,LEU,SELL,38.65486445403923,EQUAL_WEIGHT
2025-05-31,RSP,BUY,30.23749404281608,EQUAL_WEIGHT
2025-05-31,SGOV,BUY,39.90749682229227,EQUAL_WEIGHT
2025-05-31,GLD,BUY,15.16995248084212,EQUAL_WEIGHT
2025-05-31,MP,BUY,34.90396925892021,EQUAL_WEIGHT
2025-05-31,QCOM,BUY,27.43897566198204,EQUAL_WEIGHT
2025-05-31,BE,BUY,24.85720203242478,EQUAL_WEIGHT
2025-05-31,MRVL,BUY,22.888866823638665,EQUAL_WEIGHT
2025-05-31,FCX,BUY,19.736099875029936,EQUAL_WEIGHT
2025-05-31,PLTR,BUY,15.901941884709103,EQUAL_WEIGHT
2025-05-31,ORCL,BUY,10.46239442076633,EQUAL_WEIGHT
2025-05-31,AAOI,BUY,7.955197416330805,EQUAL_WEIGHT
2025-05-31,LITE,BUY,6.357906282818448,EQUAL_WEIGHT
2025-05-31,MU,BUY,3.3560452745474585,EQUAL_WEIGHT
2025-05-31,NVDA,BUY,1.6780226374635276e-05,EQUAL_WEIGHT
2025-05-31,VRT,BUY,8.390088623855263e-11,EQUAL_WEIGHT
2025-06-30,AAOI,SELL,37.8076157334103,EQUAL_WEIGHT
2025-06-30,NBIS,SELL,19.990769307265538,EQUAL_WEIGHT
2025-06-30,MP,SELL,22.322835579463828,EQUAL_WEIGHT
2025-06-30,RSP,BUY,44.81786275394518,EQUAL_WEIGHT
2025-06-30,SGOV,BUY,56.65606634539975,EQUAL_WEIGHT
2025-06-30,GLD,BUY,21.20087493136488,EQUAL_WEIGHT
2025-06-30,PLTR,BUY,32.395583749968964,EQUAL_WEIGHT
2025-06-30,QCOM,BUY,24.73209693797891,EQUAL_WEIGHT
2025-06-30,NVDA,BUY,23.195291202847372,EQUAL_WEIGHT
2025-06-30,FCX,BUY,22.156764864152095,EQUAL_WEIGHT
2025-06-30,GEV,BUY,19.982183578077127,EQUAL_WEIGHT
2025-06-30,VRT,BUY,16.720086713704717,EQUAL_WEIGHT
2025-06-30,NET,BUY,8.571474976911901,EQUAL_WEIGHT
2025-06-30,MU,BUY,2.499390287736656,EQUAL_WEIGHT
2025-06-30,MRVL,BUY,1.249695143812346e-05,EQUAL_WEIGHT
2025-06-30,BE,BUY,6.248868089642201e-11,EQUAL_WEIGHT
2025-07-31,BE,SELL,50.277764105926224,EQUAL_WEIGHT
2025-07-31,MP,SELL,97.7082904509675,EQUAL_WEIGHT
2025-07-31,RSP,BUY,35.71993603137787,EQUAL_WEIGHT
2025-07-31,SGOV,BUY,42.372720976772996,EQUAL_WEIGHT
2025-07-31,GLD,BUY,16.753782841999836,EQUAL_WEIGHT
2025-07-31,MU,BUY,47.10598484352434,EQUAL_WEIGHT
2025-07-31,AAOI,BUY,43.522594132260366,EQUAL_WEIGHT
2025-07-31,QCOM,BUY,38.927768836813016,EQUAL_WEIGHT
2025-07-31,FCX,BUY,37.48132435838869,EQUAL_WEIGHT
2025-07-31,NBIS,BUY,29.738261518018902,EQUAL_WEIGHT
2025-07-31,MRVL,BUY,26.184373402115682,EQUAL_WEIGHT
2025-07-31,NET,BUY,18.43455048206235,EQUAL_WEIGHT
2025-07-31,NVDA,BUY,6.268707475420548,EQUAL_WEIGHT
2025-07-31,VRT,BUY,3.1343537379768804e-05,EQUAL_WEIGHT
2025-07-31,LITE,BUY,1.567173057992477e-10,EQUAL_WEIGHT
2025-07-31,ORCL,BUY,7.105427357601002e-15,EQUAL_WEIGHT
2025-08-31,NBIS,SELL,27.053912444348356,EQUAL_WEIGHT
2025-08-31,BE,SELL,55.16538552271052,EQUAL_WEIGHT
2025-08-31,RSP,BUY,17.66072493668736,EQUAL_WEIGHT
2025-08-31,SGOV,BUY,26.637196942964522,EQUAL_WEIGHT
2025-08-31,GLD,BUY,5.219843019504282,EQUAL_WEIGHT
2025-08-31,MU,BUY,1.7325511280016883,EQUAL_WEIGHT
2025-08-31,MRVL,BUY,55.56938266115657,EQUAL_WEIGHT
2025-08-31,VRT,BUY,45.85581292759329,EQUAL_WEIGHT
2025-08-31,ORCL,BUY,40.06141263163093,EQUAL_WEIGHT
2025-08-31,NVDA,BUY,23.631135858983214,EQUAL_WEIGHT
2025-08-31,PLTR,BUY,22.828714701675523,EQUAL_WEIGHT
2025-08-31,GEV,BUY,21.44835658656504,EQUAL_WEIGHT
2025-08-31,NET,BUY,16.651632674509045,EQUAL_WEIGHT
2025-08-31,LEU,BUY,1.4228267954972011,EQUAL_WEIGHT
2025-08-31,AAOI,BUY,7.1141339788027835e-06,EQUAL_WEIGHT
2025-08-31,QCOM,BUY,3.5569769352150615e-11,EQUAL_WEIGHT
2025-09-30,MU,SELL,34.48569477166268,EQUAL_WEIGHT
2025-09-30,NBIS,SELL,80.12338012014305,EQUAL_WEIGHT
2025-09-30,BE,SELL,71.31335280436934,EQUAL_WEIGHT
2025-09-30,LEU,SELL,37.991786427976024,EQUAL_WEIGHT
2025-09-30,RSP,BUY,57.53062854859519,EQUAL_WEIGHT
2025-09-30,SGOV,BUY,67.85169493402634,EQUAL_WEIGHT
2025-09-30,GLD,BUY,12.409610218712459,EQUAL_WEIGHT
2025-09-30,MP,BUY,45.21720385140611,EQUAL_WEIGHT
2025-09-30,FCX,BUY,65.49861042531035,EQUAL_WEIGHT
2025-09-30,PLTR,BUY,12.016805817272683,EQUAL_WEIGHT
2025-09-30,VRT,BUY,8.369896547451049,EQUAL_WEIGHT
2025-09-30,NET,BUY,38.135314757043915,EQUAL_WEIGHT
2025-09-30,NVDA,BUY,29.855457398169023,EQUAL_WEIGHT
2025-09-30,QCOM,BUY,36.606113923112105,EQUAL_WEIGHT
2025-09-30,AAOI,BUY,37.69019094109669,EQUAL_WEIGHT
2025-09-30,GEV,BUY,4.02034335174573,EQUAL_WEIGHT
2025-10-31,AAOI,SELL,45.79759548877928,EQUAL_WEIGHT
2025-10-31,LITE,SELL,32.467224309353185,EQUAL_WEIGHT
2025-10-31,MU,SELL,38.02312171617854,EQUAL_WEIGHT
2025-10-31,BE,SELL,90.9613814588937,EQUAL_WEIGHT
2025-10-31,RSP,BUY,60.76447949013135,EQUAL_WEIGHT
2025-10-31,SGOV,BUY,64.60724988114885,EQUAL_WEIGHT
2025-10-31,GLD,BUY,19.760166804772837,EQUAL_WEIGHT
2025-10-31,MP,BUY,55.73768057278707,EQUAL_WEIGHT
2025-10-31,FCX,BUY,25.95135901227036,EQUAL_WEIGHT
2025-10-31,PLTR,BUY,18.40258916314616,EQUAL_WEIGHT
2025-10-31,QCOM,BUY,21.140321845345227,EQUAL_WEIGHT
2025-10-31,NVDA,BUY,21.63723541504595,EQUAL_WEIGHT
2025-10-31,ORCL,BUY,53.88796551741885,EQUAL_WEIGHT
2025-10-31,GEV,BUY,57.01430609995577,EQUAL_WEIGHT
2025-10-31,NBIS,BUY,0.00028507153049872613,EQUAL_WEIGHT
2025-11-30,LITE,SELL,176.08431580999633,EQUAL_WEIGHT
2025-11-30,BE,BUY,42.2164911898891,EQUAL_WEIGHT
2025-11-30,ORCL,BUY,58.220290634040055,EQUAL_WEIGHT
2025-11-30,PLTR,BUY,38.42853523018246,EQUAL_WEIGHT
2025-11-30,NET,BUY,51.63938294464552,EQUAL_WEIGHT
2025-11-30,AAOI,BUY,62.6035976230898,EQUAL_WEIGHT
2025-11-30,QCOM,BUY,13.75374066793853,EQUAL_WEIGHT
2025-11-30,NVDA,BUY,29.035662633226934,EQUAL_WEIGHT
2025-11-30,NBIS,BUY,72.3487196012048,EQUAL_WEIGHT
2025-11-30,LEU,BUY,8.916441669659108,EQUAL_WEIGHT
2025-11-30,GEV,BUY,4.458220835346083e-05,EQUAL_WEIGHT
2025-12-31,AAOI,SELL,67.20966980581119,EQUAL_WEIGHT
2025-12-31,MU,SELL,67.80876161641226,EQUAL_WEIGHT
2025-12-31,FCX,SELL,51.68696239240529,EQUAL_WEIGHT
2025-12-31,RSP,BUY,3.2033312498874125,EQUAL_WEIGHT
2025-12-31,SGOV,BUY,11.088127269463655,EQUAL_WEIGHT
2025-12-31,MP,BUY,64.0951250260924,EQUAL_WEIGHT
2025-12-31,BE,BUY,70.26959300853397,EQUAL_WEIGHT
2025-12-31,GEV,BUY,13.319971086585042,EQUAL_WEIGHT
2025-12-31,ORCL,BUY,24.179193073348813,EQUAL_WEIGHT
2025-12-31,VRT,BUY,32.99016332553731,EQUAL_WEIGHT
2025-12-31,NET,BUY,18.86057118110125,EQUAL_WEIGHT
2025-12-31,QCOM,BUY,8.498535288224616,EQUAL_WEIGHT
2025-12-31,LEU,BUY,93.33447912224312,EQUAL_WEIGHT
2025-12-31,MRVL,BUY,26.29878059583274,EQUAL_WEIGHT
2025-12-31,NBIS,BUY,17.57316846126359,EQUAL_WEIGHT
2025-12-31,NVDA,BUY,8.786584230335848e-05,EQUAL_WEIGHT
2026-01-31,AAOI,SELL,35.244192955781045,EQUAL_WEIGHT
2026-01-31,MU,SELL,93.25422587147307,EQUAL_WEIGHT
2026-01-31,BE,SELL,175.76554057683182,EQUAL_WEIGHT
2026-01-31,RSP,BUY,37.15452276689291,EQUAL_WEIGHT
2026-01-31,SGOV,BUY,56.55591538953132,EQUAL_WEIGHT
2026-01-31,ORCL,BUY,80.53561697075475,EQUAL_WEIGHT
2026-01-31,PLTR,BUY,86.56064479532154,EQUAL_WEIGHT
2026-01-31,GEV,BUY,4.495203182654109,EQUAL_WEIGHT
2026-01-31,NET,BUY,65.37283475252315,EQUAL_WEIGHT
2026-01-31,QCOM,BUY,69.1849903876298,EQUAL_WEIGHT
2026-01-31,NVDA,BUY,29.613999316464174,EQUAL_WEIGHT
2026-01-31,MRVL,BUY,56.8473372761062,EQUAL_WEIGHT
2026-01-31,NBIS,BUY,10.558930785256791,EQUAL_WEIGHT
2026-02-28,AAOI,SELL,257.1245627532808,EQUAL_WEIGHT
2026-02-28,LITE,SELL,218.915974247257,EQUAL_WEIGHT
2026-02-28,VRT,SELL,83.82757953802303,EQUAL_WEIGHT
2026-02-28,RSP,BUY,44.83069648982536,EQUAL_WEIGHT
2026-02-28,SGOV,BUY,67.57164790565264,EQUAL_WEIGHT
2026-02-28,GLD,BUY,1.118843295215214,EQUAL_WEIGHT
2026-02-28,ORCL,BUY,81.30571746783426,EQUAL_WEIGHT
2026-02-28,MP,BUY,32.96852141992673,EQUAL_WEIGHT
2026-02-28,BE,BUY,34.45364775653752,EQUAL_WEIGHT
2026-02-28,MU,BUY,45.57935197124556,EQUAL_WEIGHT
2026-02-28,PLTR,BUY,64.38290558515291,EQUAL_WEIGHT
2026-02-28,NVDA,BUY,67.20461421684837,EQUAL_WEIGHT
2026-02-28,NET,BUY,53.06211554420605,EQUAL_WEIGHT
2026-02-28,QCOM,BUY,63.328876750371876,EQUAL_WEIGHT
2026-02-28,NBIS,BUY,75.0713077461437,EQUAL_WEIGHT
2026-02-28,LEU,BUY,120.09038985382217,EQUAL_WEIGHT
2026-02-28,MRVL,BUY,0.000600451949253511,EQUAL_WEIGHT
2026-03-31,NBIS,SELL,48.23764764261506,EQUAL_WEIGHT
2026-03-31,NET,SELL,70.42098867337722,EQUAL_WEIGHT
2026-03-31,RSP,BUY,33.33637031013433,EQUAL_WEIGHT
2026-03-31,SGOV,BUY,1.8674688368016632,EQUAL_WEIGHT
2026-03-31,GLD,BUY,25.325123605989006,EQUAL_WEIGHT
2026-03-31,MP,BUY,68.30361258974375,EQUAL_WEIGHT
2026-03-31,BE,BUY,49.75928592372816,EQUAL_WEIGHT
2026-03-31,LEU,BUY,61.23796210903407,EQUAL_WEIGHT
2026-03-31,MU,BUY,68.36572447526981,EQUAL_WEIGHT
2026-03-31,FCX,BUY,9.961761138193879,EQUAL_WEIGHT
2026-03-31,AAOI,BUY,4.9808805698603464e-05,EQUAL_WEIGHT
2026-03-31,LITE,BUY,2.490452288839151e-10,EQUAL_WEIGHT
2026-04-30,AAOI,SELL,230.7159319867141,EQUAL_WEIGHT
2026-04-30,MU,SELL,79.88870779074972,EQUAL_WEIGHT
2026-04-30,MRVL,SELL,191.41612113424236,EQUAL_WEIGHT
2026-04-30,BE,SELL,286.6192568429206,EQUAL_WEIGHT
2026-04-30,RSP,BUY,129.48288209540112,EQUAL_WEIGHT
2026-04-30,SGOV,BUY,181.17753452835973,EQUAL_WEIGHT
2026-04-30,GLD,BUY,71.97786141996448,EQUAL_WEIGHT
2026-04-30,FCX,BUY,147.49158913274482,EQUAL_WEIGHT
2026-04-30,LEU,BUY,36.4080527193434,EQUAL_WEIGHT
2026-04-30,GEV,BUY,2.5987118712763504,EQUAL_WEIGHT
2026-04-30,ORCL,BUY,76.29634696750611,EQUAL_WEIGHT
2026-04-30,PLTR,BUY,112.88728525114402,EQUAL_WEIGHT
2026-04-30,LITE,BUY,12.62747941968695,EQUAL_WEIGHT
2026-04-30,NET,BUY,118.1924542168939,EQUAL_WEIGHT
2026-04-30,NVDA,BUY,71.70027246739198,EQUAL_WEIGHT
2026-04-30,VRT,BUY,4.540982988724181,EQUAL_WEIGHT
2026-04-30,QCOM,BUY,2.2704914954374544e-05,EQUAL_WEIGHT
2026-05-31,ORCL,SELL,116.18258174267214,EQUAL_WEIGHT
2026-05-31,MU,SELL,348.1880252406021,EQUAL_WEIGHT
2026-05-31,QCOM,SELL,88.79214315496063,EQUAL_WEIGHT
2026-05-31,NBIS,SELL,259.71892530637297,EQUAL_WEIGHT
2026-05-31,RSP,BUY,88.83943074171418,EQUAL_WEIGHT
2026-05-31,SGOV,BUY,119.56037587133608,EQUAL_WEIGHT
2026-05-31,GLD,BUY,50.12226247553173,EQUAL_WEIGHT
2026-05-31,GEV,BUY,128.5386606574412,EQUAL_WEIGHT
2026-05-31,LEU,BUY,142.4931146120332,EQUAL_WEIGHT
2026-05-31,MP,BUY,67.21718842311441,EQUAL_WEIGHT
2026-05-31,BE,BUY,74.19975816750906,EQUAL_WEIGHT
2026-05-31,AAOI,BUY,94.5437744914559,EQUAL_WEIGHT
2026-05-31,FCX,BUY,10.614798133373256,EQUAL_WEIGHT
2026-05-31,LITE,BUY,102.47562729487413,EQUAL_WEIGHT
2026-05-31,VRT,BUY,103.06041376543214,EQUAL_WEIGHT
2026-05-31,PLTR,BUY,15.592269678753894,EQUAL_WEIGHT
2026-05-31,NVDA,BUY,7.796134836723922e-05,EQUAL_WEIGHT
2026-06-30,MU,SELL,97.17962283805639,EQUAL_WEIGHT
2026-06-30,MRVL,SELL,303.5943367243084,EQUAL_WEIGHT
2026-06-30,NBIS,SELL,100.72408187709618,EQUAL_WEIGHT
2026-06-30,GEV,SELL,111.1944920176935,EQUAL_WEIGHT
2026-06-30,SGOV,BUY,11.380695694541032,EQUAL_WEIGHT
2026-06-30,GLD,BUY,44.145635820727705,EQUAL_WEIGHT
2026-06-30,LEU,BUY,53.841199495360115,EQUAL_WEIGHT
2026-06-30,ORCL,BUY,205.8846759481957,EQUAL_WEIGHT
2026-06-30,AAOI,BUY,45.22375181855273,EQUAL_WEIGHT
2026-06-30,FCX,BUY,32.94959194640467,EQUAL_WEIGHT
2026-06-30,PLTR,BUY,152.47091017740757,EQUAL_WEIGHT
2026-06-30,QCOM,BUY,155.44671465088902,EQUAL_WEIGHT
2026-06-30,NVDA,BUY,84.08599764843814,EQUAL_WEIGHT
2026-06-30,LITE,BUY,6.849680552218842,EQUAL_WEIGHT
2026-06-30,MP,BUY,18.361198208022387,EQUAL_WEIGHT
2026-07-31,RSP,SELL,101.64527479322078,EQUAL_WEIGHT
2026-07-31,SGOV,SELL,103.39051314682445,EQUAL_WEIGHT
2026-07-31,GLD,SELL,40.51921145288088,EQUAL_WEIGHT
2026-07-31,NVDA,SELL,65.34251289282253,EQUAL_WEIGHT
2026-07-31,LEU,SELL,94.27633840003358,EQUAL_WEIGHT
2026-07-31,FCX,SELL,62.516017083080044,EQUAL_WEIGHT
2026-07-31,PLTR,SELL,94.67134284471643,EQUAL_WEIGHT
2026-07-31,NET,SELL,152.49497752057454,EQUAL_WEIGHT
2026-07-31,GEV,BUY,26.05899247346332,EQUAL_WEIGHT
2026-07-31,NBIS,BUY,113.58087155593586,EQUAL_WEIGHT
2026-07-31,AAOI,BUY,143.75863756350975,EQUAL_WEIGHT
2026-07-31,MU,BUY,100.0772743808032,EQUAL_WEIGHT
2026-07-31,BE,BUY,101.36263549691859,EQUAL_WEIGHT
2026-07-31,VRT,BUY,77.12824711289215,EQUAL_WEIGHT
2026-07-31,QCOM,BUY,51.287064884780705,EQUAL_WEIGHT
2026-07-31,MRVL,BUY,147.61065139860733,EQUAL_WEIGHT
2026-07-31,LITE,BUY,32.267247303027204,EQUAL_WEIGHT
2026-07-31,MP,BUY,133.91807236961006,EQUAL_WEIGHT
2026-08-31,LITE,SELL,71.239118594969,EQUAL_WEIGHT
2026-08-31,MP,SELL,92.09243093128202,EQUAL_WEIGHT
2026-08-31,PLTR,SELL,189.5453972540414,EQUAL_WEIGHT
2026-08-31,RSP,BUY,84.25898935149087,EQUAL_WEIGHT
2026-08-31,SGOV,BUY,110.3204469437602,EQUAL_WEIGHT
2026-08-31,GLD,BUY,12.41079761825938,EQUAL_WEIGHT
2026-08-31,GEV,BUY,118.25438384596896,EQUAL_WEIGHT
2026-08-31,LEU,BUY,87.0979513569136,EQUAL_WEIGHT
2026-08-31,NBIS,BUY,28.980755724640744,EQUAL_WEIGHT
2026-08-31,BE,BUY,70.1238891912709,EQUAL_WEIGHT
2026-08-31,VRT,BUY,27.171625414833628,EQUAL_WEIGHT
2026-08-31,NVDA,BUY,0.00013585812710914524,EQUAL_WEIGHT
2026-08-31,NET,BUY,6.792646445319406e-10,EQUAL_WEIGHT
2026-08-31,MRVL,BUY,1.4210854715202004e-14,EQUAL_WEIGHT
2026-09-30,BE,SELL,139.73744891459523,EQUAL_WEIGHT
2026-09-30,RSP,BUY,68.09369726816908,EQUAL_WEIGHT
2026-09-30,SGOV,BUY,57.07553449567388,EQUAL_WEIGHT
2026-09-30,GLD,BUY,26.007726215985826,EQUAL_WEIGHT
2026-09-30,GEV,BUY,2.9761752353930433,EQUAL_WEIGHT
2026-09-30,LEU,BUY,2.7151345802536753,EQUAL_WEIGHT
2026-09-30,PLTR,BUY,88.95573188052163,EQUAL_WEIGHT
2026-09-30,AAOI,BUY,34.92094348371916,EQUAL_WEIGHT
2026-09-30,NVDA,BUY,50.08252908501004,EQUAL_WEIGHT
2026-09-30,VRT,BUY,1.5898860860598347,EQUAL_WEIGHT
2026-09-30,QCOM,BUY,7.94943042592422e-06,EQUAL_WEIGHT
2026-09-30,NET,BUY,3.9761971493135206e-11,EQUAL_WEIGHT
2024-11-30,AAOI,SELL,28.564541294026142,CAPPED_10
2024-11-30,BE,SELL,17.336986880522637,CAPPED_10
2024-11-30,RSP,BUY,19.026894722482844,CAPPED_10
2024-11-30,SGOV,BUY,24.156275310378618,CAPPED_10
2024-11-30,GLD,BUY,9.585677684943072,CAPPED_10
2024-11-30,LEU,BUY,12.163621475266844,CAPPED_10
2024-11-30,QCOM,BUY,33.391515919290725,CAPPED_10
2024-11-30,FCX,BUY,10.413852818369634,CAPPED_10
2024-11-30,MU,BUY,31.24025632283645,CAPPED_10
2024-11-30,NBIS,BUY,12.847831944204781,CAPPED_10
2024-11-30,NVDA,BUY,28.318872812197952,CAPPED_10
2024-11-30,ORCL,BUY,14.04233804022995,CAPPED_10
2024-11-30,GEV,BUY,6.933435987822861,CAPPED_10
2024-11-30,NET,BUY,6.509627600589914,CAPPED_10
2024-11-30,MRVL,BUY,9.997313567055773,CAPPED_10
2024-11-30,VRT,BUY,12.20532165320509,CAPPED_10
2024-11-30,MP,BUY,7.261958470659774,CAPPED_10
2024-11-30,LITE,BUY,4.748160463672159,CAPPED_10
2024-12-31,RSP,BUY,15.004262573623421,CAPPED_10
2024-12-31,SGOV,BUY,12.865005691495,CAPPED_10
2024-12-31,GLD,BUY,5.258311407909414,CAPPED_10
2024-12-31,LEU,BUY,12.62135440597035,CAPPED_10
2024-12-31,MP,BUY,12.396661129551003,CAPPED_10
2024-12-31,BE,BUY,8.79394556241651,CAPPED_10
2024-12-31,MU,BUY,27.618719405195378,CAPPED_10
2024-12-31,FCX,BUY,9.15660095113147,CAPPED_10
2024-12-31,VRT,BUY,13.965351126764752,CAPPED_10
2024-12-31,AAOI,BUY,13.792581317443044,CAPPED_10
2024-12-31,ORCL,BUY,13.47838849583875,CAPPED_10
2024-12-31,LITE,BUY,7.473323214506529,CAPPED_10
2024-12-31,NVDA,BUY,18.689182734963666,CAPPED_10
2024-12-31,QCOM,BUY,19.46147584834503,CAPPED_10
2024-12-31,GEV,BUY,4.874528441488348,CAPPED_10
2024-12-31,NET,BUY,2.7929966375566337,CAPPED_10
2024-12-31,PLTR,BUY,0.11921649479491236,CAPPED_10
2024-12-31,MRVL,BUY,5.960824740469661e-07,CAPPED_10
2025-01-31,MP,SELL,4.841810642568269,CAPPED_10
2025-01-31,RSP,BUY,15.088033565042693,CAPPED_10
2025-01-31,SGOV,BUY,19.61788946019587,CAPPED_10
2025-01-31,GLD,BUY,5.491707204787954,CAPPED_10
2025-01-31,AAOI,BUY,26.80578378583087,CAPPED_10
2025-01-31,NVDA,BUY,35.117851633812435,CAPPED_10
2025-01-31,FCX,BUY,10.045776588824726,CAPPED_10
2025-01-31,MRVL,BUY,10.52432893839034,CAPPED_10
2025-01-31,LITE,BUY,9.158456527730166,CAPPED_10
2025-01-31,ORCL,BUY,12.558109735958382,CAPPED_10
2025-01-31,VRT,BUY,12.182637475939636,CAPPED_10
2025-01-31,PLTR,BUY,6.083239582986181,CAPPED_10
2025-01-31,BE,BUY,5.241980190257806,CAPPED_10
2025-01-31,MU,BUY,16.73277401243186,CAPPED_10
2025-01-31,QCOM,BUY,13.392967193785054,CAPPED_10
2025-01-31,GEV,BUY,3.312149971039748,CAPPED_10
2025-01-31,NBIS,BUY,0.9995731120158204,CAPPED_10
2025-01-31,LEU,BUY,4.9978655578541975e-06,CAPPED_10
2025-02-28,RSP,BUY,11.598067219372027,CAPPED_10
2025-02-28,SGOV,BUY,12.364406718556339,CAPPED_10
2025-02-28,GLD,BUY,4.092404652072567,CAPPED_10
2025-02-28,AAOI,BUY,23.43552339118252,CAPPED_10
2025-02-28,VRT,BUY,21.38644101639369,CAPPED_10
2025-02-28,MRVL,BUY,17.092519542312907,CAPPED_10
2025-02-28,LITE,BUY,14.33020253989634,CAPPED_10
2025-02-28,GEV,BUY,7.805501149138831,CAPPED_10
2025-02-28,QCOM,BUY,28.382932773680736,CAPPED_10
2025-02-28,ORCL,BUY,10.379740702437175,CAPPED_10
2025-02-28,NBIS,BUY,7.3182510699853935,CAPPED_10
2025-02-28,BE,BUY,3.767446699251856,CAPPED_10
2025-02-28,MU,BUY,12.670317840423678,CAPPED_10
2025-02-28,PLTR,BUY,3.4035154961400167,CAPPED_10
2025-02-28,FCX,BUY,4.080214567397768,CAPPED_10
2025-02-28,NVDA,BUY,10.947214268089127,CAPPED_10
2025-02-28,NET,BUY,1.91820391373453,CAPPED_10
2025-02-28,LEU,BUY,1.894421686474331,CAPPED_10
2025-02-28,MP,BUY,1.4920324789113266,CAPPED_10
2025-03-31,RSP,BUY,5.954058262000771,CAPPED_10
2025-03-31,SGOV,BUY,2.705914938916507,CAPPED_10
2025-03-31,NBIS,BUY,23.06274186400548,CAPPED_10
2025-03-31,MRVL,BUY,21.795336344607115,CAPPED_10
2025-03-31,LEU,BUY,15.652857077506123,CAPPED_10
2025-03-31,AAOI,BUY,24.83125733400017,CAPPED_10
2025-03-31,VRT,BUY,20.503661821295886,CAPPED_10
2025-03-31,NET,BUY,9.617035348523196,CAPPED_10
2025-03-31,BE,BUY,7.981749308860795,CAPPED_10
2025-03-31,ORCL,BUY,14.177530876848067,CAPPED_10
2025-03-31,NVDA,BUY,22.024652616523028,CAPPED_10
2025-03-31,LITE,BUY,7.55340234577185,CAPPED_10
2025-03-31,GEV,BUY,4.464405204634858,CAPPED_10
2025-03-31,MU,BUY,13.56364164998314,CAPPED_10
2025-03-31,QCOM,BUY,5.784627833273307,CAPPED_10
2025-03-31,PLTR,BUY,2.892313916902367e-05,CAPPED_10
2025-03-31,MP,BUY,1.446149866524138e-10,CAPPED_10
2025-04-30,PLTR,SELL,8.209168954542577,CAPPED_10
2025-04-30,RSP,BUY,16.89695272278827,CAPPED_10
2025-04-30,SGOV,BUY,16.22742400737907,CAPPED_10
2025-04-30,GLD,BUY,1.0474066780917042,CAPPED_10
2025-04-30,AAOI,BUY,24.61148300809569,CAPPED_10
2025-04-30,MU,BUY,36.972355666313774,CAPPED_10
2025-04-30,BE,BUY,8.4409641106026,CAPPED_10
2025-04-30,LITE,BUY,10.981494883647734,CAPPED_10
2025-04-30,MRVL,BUY,12.425606323578862,CAPPED_10
2025-04-30,FCX,BUY,9.088660316464356,CAPPED_10
2025-04-30,QCOM,BUY,27.66248828909204,CAPPED_10
2025-04-30,MP,BUY,7.3389667833881305,CAPPED_10
2025-04-30,NVDA,BUY,20.10444466364612,CAPPED_10
2025-04-30,ORCL,BUY,10.746039395310902,CAPPED_10
2025-04-30,NET,BUY,2.9585740675728687,CAPPED_10
2025-04-30,NBIS,BUY,0.6223770469558971,CAPPED_10
2025-04-30,LEU,BUY,3.111885231277256e-06,CAPPED_10
2025-05-31,NBIS,SELL,17.2948226258179,CAPPED_10
2025-05-31,LEU,SELL,26.284566632170623,CAPPED_10
2025-05-31,RSP,BUY,28.09714614861366,CAPPED_10
2025-05-31,SGOV,BUY,37.238674402192856,CAPPED_10
2025-05-31,GLD,BUY,14.160877271775163,CAPPED_10
2025-05-31,MP,BUY,21.566724921075178,CAPPED_10
2025-05-31,QCOM,BUY,53.40435294280283,CAPPED_10
2025-05-31,BE,BUY,12.698379767629788,CAPPED_10
2025-05-31,MRVL,BUY,18.663893011043257,CAPPED_10
2025-05-31,FCX,BUY,12.012328703199977,CAPPED_10
2025-05-31,PLTR,BUY,7.998221785741649,CAPPED_10
2025-05-31,ORCL,BUY,10.285587813966742,CAPPED_10
2025-05-31,AAOI,BUY,7.65316373143753,CAPPED_10
2025-05-31,LITE,BUY,4.183208944573053,CAPPED_10
2025-05-31,MU,BUY,10.244659673026803,CAPPED_10
2025-05-31,NVDA,BUY,0.6393316321518192,CAPPED_10
2025-06-30,AAOI,SELL,39.76157480027109,CAPPED_10
2025-06-30,NBIS,SELL,16.933831081506284,CAPPED_10
2025-06-30,MP,SELL,14.161224262957006,CAPPED_10
2025-06-30,RSP,BUY,42.30773351630202,CAPPED_10
2025-06-30,SGOV,BUY,53.52996422941749,CAPPED_10
2025-06-30,GLD,BUY,20.030720175763847,CAPPED_10
2025-06-30,PLTR,BUY,16.74911581332858,CAPPED_10
2025-06-30,QCOM,BUY,48.45261484173639,CAPPED_10
2025-06-30,FCX,BUY,13.688542593331505,CAPPED_10
2025-06-30,NVDA,BUY,40.93897490638733,CAPPED_10
2025-06-30,GEV,BUY,8.797058579588224,CAPPED_10
2025-06-30,VRT,BUY,14.11457492865702,CAPPED_10
2025-06-30,NET,BUY,3.882654713325607,CAPPED_10
2025-06-30,MRVL,BUY,1.5699285931955167,CAPPED_10
2025-06-30,BE,BUY,7.849642965851444e-06,CAPPED_10
2025-06-30,MU,BUY,3.9246828009709134e-11,CAPPED_10
2025-06-30,LITE,BUY,3.552713678800501e-15,CAPPED_10
2025-07-31,BE,SELL,29.586003302418888,CAPPED_10
2025-07-31,LEU,SELL,12.74795248955212,CAPPED_10
2025-07-31,MP,SELL,64.85973532210127,CAPPED_10
2025-07-31,RSP,BUY,25.956020652874315,CAPPED_10
2025-07-31,SGOV,BUY,31.13793281061473,CAPPED_10
2025-07-31,GLD,BUY,12.498313202004198,CAPPED_10
2025-07-31,MU,BUY,74.79932477481401,CAPPED_10
2025-07-31,AAOI,BUY,38.98511009896123,CAPPED_10
2025-07-31,QCOM,BUY,64.97865635506196,CAPPED_10
2025-07-31,FCX,BUY,19.615315447727653,CAPPED_10
2025-07-31,NBIS,BUY,19.703392102189525,CAPPED_10
2025-07-31,MRVL,BUY,14.864136469546011,CAPPED_10
2025-07-31,NET,BUY,0.6092878568297557,CAPPED_10
2025-07-31,NVDA,BUY,3.0464392821727415e-06,CAPPED_10
2025-07-31,VRT,BUY,1.5234036254696548e-11,CAPPED_10
2025-08-31,LITE,SELL,14.011893706701045,CAPPED_10
2025-08-31,NBIS,SELL,21.8441516529181,CAPPED_10
2025-08-31,BE,SELL,27.779049978147683,CAPPED_10
2025-08-31,RSP,BUY,16.064456835573623,CAPPED_10
2025-08-31,SGOV,BUY,24.28106944923306,CAPPED_10
2025-08-31,GLD,BUY,4.729019995453271,CAPPED_10
2025-08-31,MU,BUY,2.93682584143545,CAPPED_10
2025-08-31,MRVL,BUY,44.59522735213615,CAPPED_10
2025-08-31,VRT,BUY,40.66960166144972,CAPPED_10
2025-08-31,ORCL,BUY,34.31851740581547,CAPPED_10
2025-08-31,LEU,BUY,17.1765171357103,CAPPED_10
2025-08-31,NET,BUY,14.158826547072493,CAPPED_10
2025-08-31,NVDA,BUY,43.124049008801876,CAPPED_10
2025-08-31,PLTR,BUY,8.34401549867917,CAPPED_10
2025-08-31,GEV,BUY,7.624914354260511,CAPPED_10
2025-08-31,AAOI,BUY,2.426332716762012,CAPPED_10
2025-08-31,QCOM,BUY,1.213166358837725e-05,CAPPED_10
2025-09-30,MU,SELL,62.096194414287424,CAPPED_10
2025-09-30,NBIS,SELL,64.22523495293385,CAPPED_10
2025-09-30,BE,SELL,35.71556141517564,CAPPED_10
2025-09-30,LEU,SELL,35.83903880282779,CAPPED_10
2025-09-30,RSP,BUY,53.02492831145838,CAPPED_10
2025-09-30,SGOV,BUY,62.5280138790132,CAPPED_10
2025-09-30,GLD,BUY,11.493839505338968,CAPPED_10
2025-09-30,MP,BUY,27.31574544749128,CAPPED_10
2025-09-30,FCX,BUY,39.54626172674489,CAPPED_10
2025-09-30,PLTR,BUY,6.13982179644465,CAPPED_10
2025-09-30,VRT,BUY,8.615001539849487,CAPPED_10
2025-09-30,NET,BUY,19.262348149846787,CAPPED_10
2025-09-30,NVDA,BUY,54.465578299195386,CAPPED_10
2025-09-30,QCOM,BUY,70.04969516683445,CAPPED_10
2025-09-30,LITE,BUY,0.32267726395295426,CAPPED_10
2025-09-30,GEV,BUY,21.67414106370859,CAPPED_10
2025-09-30,AAOI,BUY,15.41392372902326,CAPPED_10
2025-10-31,MU,SELL,67.52706134597895,CAPPED_10
2025-10-31,BE,SELL,45.33738598350942,CAPPED_10
2025-10-31,RSP,BUY,56.7686973722341,CAPPED_10
2025-10-31,SGOV,BUY,60.43777032623581,CAPPED_10
2025-10-31,GLD,BUY,18.56336387316756,CAPPED_10
2025-10-31,MP,BUY,34.097382743161546,CAPPED_10
2025-10-31,FCX,BUY,16.127809081998095,CAPPED_10
2025-10-31,PLTR,BUY,9.64462556037185,CAPPED_10
2025-10-31,QCOM,BUY,41.88042082189935,CAPPED_10
2025-10-31,ORCL,BUY,55.16445627777301,CAPPED_10
2025-10-31,NVDA,BUY,12.415913867500429,CAPPED_10
2025-10-31,GEV,BUY,6.207956934645154e-05,CAPPED_10
2025-10-31,NBIS,BUY,3.1039348868944217e-10,CAPPED_10
2025-11-30,LITE,SELL,138.7692812857908,CAPPED_10
2025-11-30,BE,BUY,22.107739806767825,CAPPED_10
2025-11-30,ORCL,BUY,60.350621718573905,CAPPED_10
2025-11-30,MP,BUY,0.46574800515270454,CAPPED_10
2025-11-30,PLTR,BUY,20.19715774671502,CAPPED_10
2025-11-30,NET,BUY,27.168922755368968,CAPPED_10
2025-11-30,NVDA,BUY,80.4343879212264,CAPPED_10
2025-11-30,QCOM,BUY,29.477933050156366,CAPPED_10
2025-11-30,AAOI,BUY,51.26897429203777,CAPPED_10
2025-11-30,NBIS,BUY,48.005403936142294,CAPPED_10
2025-11-30,LEU,BUY,0.0002400270196716292,CAPPED_10
2025-11-30,MRVL,BUY,1.2001351024082396e-09,CAPPED_10
2025-11-30,GEV,BUY,7.105427357601002e-15,CAPPED_10
2025-12-31,AAOI,SELL,62.42640258166648,CAPPED_10
2025-12-31,MU,SELL,109.78182381043916,CAPPED_10
2025-12-31,FCX,SELL,26.775677264324173,CAPPED_10
2025-12-31,RSP,BUY,12.403010884310333,CAPPED_10
2025-12-31,SGOV,BUY,21.01118630560711,CAPPED_10
2025-12-31,MP,BUY,42.89042086515005,CAPPED_10
2025-12-31,BE,BUY,38.51681908760956,CAPPED_10
2025-12-31,GEV,BUY,22.048709003715985,CAPPED_10
2025-12-31,ORCL,BUY,30.281064762393328,CAPPED_10
2025-12-31,VRT,BUY,41.47038761754203,CAPPED_10
2025-12-31,PLTR,BUY,2.7292317685712817,CAPPED_10
2025-12-31,NET,BUY,12.442761136214045,CAPPED_10
2025-12-31,QCOM,BUY,27.311736075416547,CAPPED_10
2025-12-31,LEU,BUY,66.32052487149676,CAPPED_10
2025-12-31,NBIS,BUY,53.17579253984624,CAPPED_10
2025-12-31,MRVL,BUY,24.558975178311385,CAPPED_10
2025-12-31,NVDA,BUY,0.00012279487589950122,CAPPED_10
2026-01-31,AAOI,SELL,36.97699959284853,CAPPED_10
2026-01-31,MU,SELL,174.89384418924442,CAPPED_10
2026-01-31,BE,SELL,91.1685026433421,CAPPED_10
2026-01-31,RSP,BUY,34.43916460515527,CAPPED_10
2026-01-31,SGOV,BUY,52.66883854955307,CAPPED_10
2026-01-31,ORCL,BUY,82.79562414318193,CAPPED_10
2026-01-31,PLTR,BUY,44.638649393985986,CAPPED_10
2026-01-31,GEV,BUY,2.074696876893853,CAPPED_10
2026-01-31,NET,BUY,33.5559023460051,CAPPED_10
2026-01-31,LITE,BUY,1.0499645555030668,CAPPED_10
2026-01-31,QCOM,BUY,135.00645452103282,CAPPED_10
2026-01-31,NVDA,BUY,64.94664301088176,CAPPED_10
2026-01-31,MRVL,BUY,44.97547832174175,CAPPED_10
2026-01-31,NBIS,BUY,0.00022487739162357911,CAPPED_10
2026-02-28,AAOI,SELL,269.1401746677066,CAPPED_10
2026-02-28,LITE,SELL,155.0688881103468,CAPPED_10
2026-02-28,VRT,SELL,90.86384067170559,CAPPED_10
2026-02-28,RSP,BUY,37.77181728269363,CAPPED_10
2026-02-28,SGOV,BUY,58.571902849048456,CAPPED_10
2026-02-28,GLD,BUY,3.9715853156595813,CAPPED_10
2026-02-28,ORCL,BUY,80.41336455385158,CAPPED_10
2026-02-28,MP,BUY,17.97395522866762,CAPPED_10
2026-02-28,BE,BUY,16.010782823840373,CAPPED_10
2026-02-28,MU,BUY,78.46673882176697,CAPPED_10
2026-02-28,PLTR,BUY,31.46721339439989,CAPPED_10
2026-02-28,NVDA,BUY,118.7501304027237,CAPPED_10
2026-02-28,NET,BUY,25.619841133552796,CAPPED_10
2026-02-28,QCOM,BUY,117.50333191625464,CAPPED_10
2026-02-28,LEU,BUY,76.7455694004328,CAPPED_10
2026-02-28,NBIS,BUY,41.92990438740185,CAPPED_10
2026-02-28,MRVL,BUY,2.1348745946473002,CAPPED_10
2026-03-31,MRVL,SELL,32.48425172011707,CAPPED_10
2026-03-31,NBIS,SELL,42.47313953371105,CAPPED_10
2026-03-31,NET,SELL,37.889737652450805,CAPPED_10
2026-03-31,RSP,BUY,26.42915190786789,CAPPED_10
2026-03-31,GLD,BUY,21.638857478116762,CAPPED_10
2026-03-31,MP,BUY,39.69268268645686,CAPPED_10
2026-03-31,BE,BUY,23.59076913658646,CAPPED_10
2026-03-31,LEU,BUY,31.379181263267895,CAPPED_10
2026-03-31,MU,BUY,119.41248121940419,CAPPED_10
2026-03-31,FCX,BUY,17.976103672435386,CAPPED_10
2026-03-31,VRT,BUY,4.781435590607714,CAPPED_10
2026-03-31,QCOM,BUY,28.149485386813524,CAPPED_10
2026-03-31,NVDA,BUY,0.00014074742693992448,CAPPED_10
2026-04-30,AAOI,SELL,236.29102973409846,CAPPED_10
2026-04-30,MU,SELL,137.54209291772077,CAPPED_10
2026-04-30,MRVL,SELL,102.12872244551102,CAPPED_10
2026-04-30,BE,SELL,142.84848023135035,CAPPED_10
2026-04-30,RSP,BUY,125.63262175686299,CAPPED_10
2026-04-30,SGOV,BUY,170.63485394536883,CAPPED_10
2026-04-30,GLD,BUY,69.08803314304859,CAPPED_10
2026-04-30,FCX,BUY,76.49910999352713,CAPPED_10
2026-04-30,LEU,BUY,24.924624928071125,CAPPED_10
2026-04-30,ORCL,BUY,77.82815940786543,CAPPED_10
2026-04-30,PLTR,BUY,57.633000108489824,CAPPED_10
2026-04-30,LITE,BUY,8.882422805380884,CAPPED_10
2026-04-30,NET,BUY,62.20008158711818,CAPPED_10
2026-04-30,NVDA,BUY,123.19065720932012,CAPPED_10
2026-04-30,VRT,BUY,0.0006159532860436912,CAPPED_10
2026-05-31,ORCL,SELL,88.06481525706147,CAPPED_10
2026-05-31,MU,SELL,586.639140949803,CAPPED_10
2026-05-31,QCOM,SELL,169.53930167602084,CAPPED_10
2026-05-31,NBIS,SELL,181.5547100262085,CAPPED_10
2026-05-31,RSP,BUY,121.75209650798536,CAPPED_10
2026-05-31,SGOV,BUY,155.97417176154454,CAPPED_10
2026-05-31,GLD,BUY,63.426343636576576,CAPPED_10
2026-05-31,GEV,BUY,80.08500378004135,CAPPED_10
2026-05-31,LEU,BUY,105.87953421569108,CAPPED_10
2026-05-31,MP,BUY,62.545021938630896,CAPPED_10
2026-05-31,BE,BUY,53.31432469991722,CAPPED_10
2026-05-31,AAOI,BUY,127.43390757445445,CAPPED_10
2026-05-31,FCX,BUY,24.951664683275737,CAPPED_10
2026-05-31,LITE,BUY,94.87656302264122,CAPPED_10
2026-05-31,VRT,BUY,134.35928171566644,CAPPED_10
2026-05-31,PLTR,BUY,23.748715520087615,CAPPED_10
2026-05-31,NVDA,BUY,154.9403997670097,CAPPED_10
2026-05-31,NET,BUY,2.248732839980221,CAPPED_10
2026-06-30,MU,SELL,200.75955077399,CAPPED_10
2026-06-30,MRVL,SELL,228.6864826747418,CAPPED_10
2026-06-30,NBIS,SELL,92.11932454336022,CAPPED_10
2026-06-30,GEV,SELL,63.20322581628898,CAPPED_10
2026-06-30,SGOV,BUY,1.6635251064494696,CAPPED_10
2026-06-30,GLD,BUY,39.84627746331961,CAPPED_10
2026-06-30,LEU,BUY,30.840165589813523,CAPPED_10
2026-06-30,AAOI,BUY,42.121949196662285,CAPPED_10
2026-06-30,FCX,BUY,17.340683992299773,CAPPED_10
2026-06-30,ORCL,BUY,215.19606187758023,CAPPED_10
2026-06-30,PLTR,BUY,78.51457608150162,CAPPED_10
2026-06-30,QCOM,BUY,305.62853107773685,CAPPED_10
2026-06-30,NET,BUY,5.246903597372921,CAPPED_10
2026-06-30,LITE,BUY,0.5417337295594393,CAPPED_10
2026-06-30,NVDA,BUY,47.01087191837482,CAPPED_10
2026-06-30,MP,BUY,0.00023505435960657906,CAPPED_10
2026-07-31,RSP,SELL,116.73988585528423,CAPPED_10
2026-07-31,SGOV,SELL,111.29359965541857,CAPPED_10
2026-07-31,GLD,SELL,43.43558004655739,CAPPED_10
2026-07-31,NVDA,SELL,124.75989416951984,CAPPED_10
2026-07-31,LEU,SELL,64.736847475177,CAPPED_10
2026-07-31,FCX,SELL,44.43045057492071,CAPPED_10
2026-07-31,PLTR,SELL,54.15807783968262,CAPPED_10
2026-07-31,NET,SELL,79.3054148914631,CAPPED_10
2026-07-31,GEV,BUY,10.181942332839299,CAPPED_10
2026-07-31,NBIS,BUY,90.91598989180704,CAPPED_10
2026-07-31,MU,BUY,178.98856700822182,CAPPED_10
2026-07-31,AAOI,BUY,145.79771135967326,CAPPED_10
2026-07-31,BE,BUY,47.96198044648307,CAPPED_10
2026-07-31,VRT,BUY,69.81491958471179,CAPPED_10
2026-07-31,QCOM,BUY,89.7702423802034,CAPPED_10
2026-07-31,MRVL,BUY,119.92994712412525,CAPPED_10
2026-07-31,LITE,BUY,18.883656418864632,CAPPED_10
2026-07-31,MP,BUY,79.84332405924606,CAPPED_10
2026-08-31,LITE,SELL,52.874036946573256,CAPPED_10
2026-08-31,MP,SELL,48.51453315372146,CAPPED_10
2026-08-31,PLTR,SELL,99.94495460489685,CAPPED_10
2026-08-31,RSP,BUY,80.04921787527178,CAPPED_10
2026-08-31,SGOV,BUY,104.9431450988626,CAPPED_10
2026-08-31,GLD,BUY,11.563411723547858,CAPPED_10
2026-08-31,GEV,BUY,61.83085318271969,CAPPED_10
2026-08-31,LEU,BUY,54.54994814718913,CAPPED_10
2026-08-31,NBIS,BUY,23.856748455158368,CAPPED_10
2026-08-31,BE,BUY,36.53486003458033,CAPPED_10
2026-08-31,VRT,BUY,14.506536409578118,CAPPED_10
2026-08-31,NVDA,BUY,7.253268206852681e-05,CAPPED_10
2026-08-31,NET,BUY,3.6264680147723993e-10,CAPPED_10
2026-08-31,MRVL,BUY,1.4210854715202004e-14,CAPPED_10
2026-09-30,BE,SELL,74.20759401187706,CAPPED_10
2026-09-30,RSP,BUY,63.159989533303246,CAPPED_10
2026-09-30,SGOV,BUY,52.2955478595818,CAPPED_10
2026-09-30,GLD,BUY,24.0247085682264,CAPPED_10
2026-09-30,GEV,BUY,0.7245225208939132,CAPPED_10
2026-09-30,LEU,BUY,0.7040789621117369,CAPPED_10
2026-09-30,PLTR,BUY,45.868734790909684,CAPPED_10
2026-09-30,AAOI,BUY,34.35265156649655,CAPPED_10
2026-09-30,VRT,BUY,46.39244256586717,CAPPED_10
2026-09-30,NVDA,BUY,0.00023196221283683371,CAPPED_10
2026-09-30,QCOM,BUY,1.1598046967264963e-09,CAPPED_10
2026-09-30,NET,BUY,4.263256414560601e-14,CAPPED_10
2024-11-30,BE,SELL,23.29116804587462,DEPENDENCY_LAYER
2024-11-30,AAOI,SELL,19.0417501472688,DEPENDENCY_LAYER
2024-11-30,RSP,BUY,20.526649350665153,DEPENDENCY_LAYER
2024-11-30,SGOV,BUY,25.870220609544702,DEPENDENCY_LAYER
2024-11-30,GLD,BUY,10.228381462950868,DEPENDENCY_LAYER
2024-11-30,LEU,BUY,14.927006350627064,DEPENDENCY_LAYER
2024-11-30,QCOM,BUY,19.575307368735057,DEPENDENCY_LAYER
2024-11-30,FCX,BUY,12.898799172263711,DEPENDENCY_LAYER
2024-11-30,MU,BUY,38.62889827378156,DEPENDENCY_LAYER
2024-11-30,NBIS,BUY,11.996736303864111,DEPENDENCY_LAYER
2024-11-30,NVDA,BUY,17.624030983860237,DEPENDENCY_LAYER
2024-11-30,ORCL,BUY,10.593719604700919,DEPENDENCY_LAYER
2024-11-30,GEV,BUY,10.471740630910055,DEPENDENCY_LAYER
2024-11-30,NET,BUY,9.882112246940256,DEPENDENCY_LAYER
2024-11-30,MRVL,BUY,9.518543381853569,DEPENDENCY_LAYER
2024-11-30,VRT,BUY,9.315924674370972,DEPENDENCY_LAYER
2024-11-30,MP,BUY,9.244994243829513,DEPENDENCY_LAYER
2024-11-30,LITE,BUY,5.573380405057868,DEPENDENCY_LAYER
2024-11-30,PLTR,BUY,2.125147025364768,DEPENDENCY_LAYER
2024-12-31,RSP,BUY,15.564456659502213,DEPENDENCY_LAYER
2024-12-31,SGOV,BUY,13.391094801245657,DEPENDENCY_LAYER
2024-12-31,GLD,BUY,5.467165191671789,DEPENDENCY_LAYER
2024-12-31,LEU,BUY,15.10957262850685,DEPENDENCY_LAYER
2024-12-31,MP,BUY,14.841921700719915,DEPENDENCY_LAYER
2024-12-31,BE,BUY,12.647388301253422,DEPENDENCY_LAYER
2024-12-31,MU,BUY,33.07462835402201,DEPENDENCY_LAYER
2024-12-31,FCX,BUY,10.98559194659303,DEPENDENCY_LAYER
2024-12-31,VRT,BUY,10.060358516331853,DEPENDENCY_LAYER
2024-12-31,AAOI,BUY,9.937083903162879,DEPENDENCY_LAYER
2024-12-31,ORCL,BUY,9.712736932618974,DEPENDENCY_LAYER
2024-12-31,LITE,BUY,7.683250991403483,DEPENDENCY_LAYER
2024-12-31,NVDA,BUY,11.233583432762025,DEPENDENCY_LAYER
2024-12-31,QCOM,BUY,11.104254492232563,DEPENDENCY_LAYER
2024-12-31,GEV,BUY,7.04998261563291,DEPENDENCY_LAYER
2024-12-31,NET,BUY,4.077202689260872,DEPENDENCY_LAYER
2024-12-31,PLTR,BUY,6.415403694896071,DEPENDENCY_LAYER
2024-12-31,MRVL,BUY,3.207701847607325e-05,DEPENDENCY_LAYER
2025-01-31,MP,SELL,5.3036107325305295,DEPENDENCY_LAYER
2025-01-31,RSP,BUY,16.382542465995584,DEPENDENCY_LAYER
2025-01-31,SGOV,BUY,21.166201221580693,DEPENDENCY_LAYER
2025-01-31,GLD,BUY,6.018195953360717,DEPENDENCY_LAYER
2025-01-31,AAOI,BUY,19.657943298398422,DEPENDENCY_LAYER
2025-01-31,NVDA,BUY,21.616051238408303,DEPENDENCY_LAYER
2025-01-31,FCX,BUY,12.45616959330492,DEPENDENCY_LAYER
2025-01-31,MRVL,BUY,9.97725740629759,DEPENDENCY_LAYER
2025-01-31,LITE,BUY,9.836743899776195,DEPENDENCY_LAYER
2025-01-31,ORCL,BUY,9.460784658021005,DEPENDENCY_LAYER
2025-01-31,VRT,BUY,9.192284096523672,DEPENDENCY_LAYER
2025-01-31,BE,BUY,7.976475208733838,DEPENDENCY_LAYER
2025-01-31,PLTR,BUY,21.82380366993715,DEPENDENCY_LAYER
2025-01-31,MU,BUY,21.341141969093954,DEPENDENCY_LAYER
2025-01-31,QCOM,BUY,8.27570536077421,DEPENDENCY_LAYER
2025-01-31,GEV,BUY,5.2131257129087984,DEPENDENCY_LAYER
2025-01-31,NBIS,BUY,1.4804592958945832,DEPENDENCY_LAYER
2025-01-31,LEU,BUY,0.7454287490147458,DEPENDENCY_LAYER
2025-02-28,RSP,BUY,12.81767783515184,DEPENDENCY_LAYER
2025-02-28,SGOV,BUY,13.723434583133454,DEPENDENCY_LAYER
2025-02-28,GLD,BUY,4.58078136468454,DEPENDENCY_LAYER
2025-02-28,AAOI,BUY,17.359803921989055,DEPENDENCY_LAYER
2025-02-28,VRT,BUY,15.878650599027445,DEPENDENCY_LAYER
2025-02-28,MRVL,BUY,15.863845733589422,DEPENDENCY_LAYER
2025-02-28,LITE,BUY,15.217755039105924,DEPENDENCY_LAYER
2025-02-28,GEV,BUY,11.704922741102386,DEPENDENCY_LAYER
2025-02-28,QCOM,BUY,16.828243507422826,DEPENDENCY_LAYER
2025-02-28,ORCL,BUY,7.924099317030333,DEPENDENCY_LAYER
2025-02-28,NBIS,BUY,7.028986832244762,DEPENDENCY_LAYER
2025-02-28,BE,BUY,5.867837974329603,DEPENDENCY_LAYER
2025-02-28,MU,BUY,16.502046745803483,DEPENDENCY_LAYER
2025-02-28,PLTR,BUY,16.02293358728511,DEPENDENCY_LAYER
2025-02-28,FCX,BUY,5.336832859235443,DEPENDENCY_LAYER
2025-02-28,NVDA,BUY,7.214655240231963,DEPENDENCY_LAYER
2025-02-28,NET,BUY,3.7013354325734227,DEPENDENCY_LAYER
2025-02-28,LEU,BUY,2.394263045810739,DEPENDENCY_LAYER
2025-02-28,MP,BUY,2.219477837985437,DEPENDENCY_LAYER
2025-03-31,RSP,BUY,6.95336446488345,DEPENDENCY_LAYER
2025-03-31,SGOV,BUY,3.655185401371,DEPENDENCY_LAYER
2025-03-31,NBIS,BUY,21.39076812505165,DEPENDENCY_LAYER
2025-03-31,MRVL,BUY,20.23720925935647,DEPENDENCY_LAYER
2025-03-31,LEU,BUY,19.39526936829229,DEPENDENCY_LAYER
2025-03-31,AAOI,BUY,18.480127650280593,DEPENDENCY_LAYER
2025-03-31,VRT,BUY,15.328523780147641,DEPENDENCY_LAYER
2025-03-31,NET,BUY,14.404169722474748,DEPENDENCY_LAYER
2025-03-31,BE,BUY,12.021792182516165,DEPENDENCY_LAYER
2025-03-31,ORCL,BUY,10.72109859868484,DEPENDENCY_LAYER
2025-03-31,NVDA,BUY,13.93682110760355,DEPENDENCY_LAYER
2025-03-31,LITE,BUY,8.254855122342882,DEPENDENCY_LAYER
2025-03-31,GEV,BUY,6.898994465000818,DEPENDENCY_LAYER
2025-03-31,MU,BUY,17.6219581776474,DEPENDENCY_LAYER
2025-03-31,QCOM,BUY,4.367795398687505,DEPENDENCY_LAYER
2025-03-31,PLTR,BUY,5.884637704541477,DEPENDENCY_LAYER
2025-03-31,MP,BUY,2.9423188523836075e-05,DEPENDENCY_LAYER
2025-03-31,FCX,BUY,1.4711787343912874e-10,DEPENDENCY_LAYER
2025-04-30,PLTR,SELL,37.58219844321863,DEPENDENCY_LAYER
2025-04-30,RSP,BUY,20.94757901102318,DEPENDENCY_LAYER
2025-04-30,SGOV,BUY,20.689179093934143,DEPENDENCY_LAYER
2025-04-30,GLD,BUY,2.7927714691317647,DEPENDENCY_LAYER
2025-04-30,AAOI,BUY,19.774304551424287,DEPENDENCY_LAYER
2025-04-30,MU,BUY,50.28362838724212,DEPENDENCY_LAYER
2025-04-30,BE,BUY,14.105779556895051,DEPENDENCY_LAYER
2025-04-30,LITE,BUY,13.22986131935533,DEPENDENCY_LAYER
2025-04-30,FCX,BUY,13.212097266309001,DEPENDENCY_LAYER
2025-04-30,MRVL,BUY,13.115608139839914,DEPENDENCY_LAYER
2025-04-30,QCOM,BUY,18.168158429910875,DEPENDENCY_LAYER
2025-04-30,MP,BUY,11.088194489252203,DEPENDENCY_LAYER
2025-04-30,NVDA,BUY,14.852230978283927,DEPENDENCY_LAYER
2025-04-30,ORCL,BUY,9.606310898533728,DEPENDENCY_LAYER
2025-04-30,NET,BUY,6.0650180042092074,DEPENDENCY_LAYER
2025-04-30,NBIS,BUY,5.7822761707919526,DEPENDENCY_LAYER
2025-04-30,LEU,BUY,1.2102504430819074,DEPENDENCY_LAYER
2025-05-31,LEU,SELL,32.638993973095225,DEPENDENCY_LAYER
2025-05-31,NBIS,SELL,22.5734821077928,DEPENDENCY_LAYER
2025-05-31,RSP,BUY,29.445394510356635,DEPENDENCY_LAYER
2025-05-31,SGOV,BUY,39.19971671422752,DEPENDENCY_LAYER
2025-05-31,GLD,BUY,14.912658270953713,DEPENDENCY_LAYER
2025-05-31,MP,BUY,26.524228977625327,DEPENDENCY_LAYER
2025-05-31,QCOM,BUY,30.939840778694588,DEPENDENCY_LAYER
2025-05-31,BE,BUY,18.58709425731506,DEPENDENCY_LAYER
2025-05-31,MRVL,BUY,17.032023895761142,DEPENDENCY_LAYER
2025-05-31,FCX,BUY,14.54142772324866,DEPENDENCY_LAYER
2025-05-31,PLTR,BUY,34.534429733287,DEPENDENCY_LAYER
2025-05-31,ORCL,BUY,7.215003608692982,DEPENDENCY_LAYER
2025-05-31,AAOI,BUY,5.23402808137287,DEPENDENCY_LAYER
2025-05-31,LITE,BUY,3.9722974847273633,DEPENDENCY_LAYER
2025-05-31,MU,BUY,8.08602477360039,DEPENDENCY_LAYER
2025-05-31,NVDA,BUY,4.043012386745204e-05,DEPENDENCY_LAYER
2025-05-31,VRT,BUY,2.021529610374273e-10,DEPENDENCY_LAYER
2025-06-30,MP,SELL,19.683967664436395,DEPENDENCY_LAYER
2025-06-30,LEU,SELL,12.455999708517083,DEPENDENCY_LAYER
2025-06-30,AAOI,SELL,31.77127240567812,DEPENDENCY_LAYER
2025-06-30,NBIS,SELL,17.862695426941215,DEPENDENCY_LAYER
2025-06-30,RSP,BUY,41.814087702155376,DEPENDENCY_LAYER
2025-06-30,SGOV,BUY,53.356384754786745,DEPENDENCY_LAYER
2025-06-30,GLD,BUY,19.96243551712918,DEPENDENCY_LAYER
2025-06-30,PLTR,BUY,69.0794277959763,DEPENDENCY_LAYER
2025-06-30,QCOM,BUY,25.566541786099492,DEPENDENCY_LAYER
2025-06-30,FCX,BUY,15.034348876678976,DEPENDENCY_LAYER
2025-06-30,NVDA,BUY,22.007323629886628,DEPENDENCY_LAYER
2025-06-30,GEV,BUY,13.123880939964764,DEPENDENCY_LAYER
2025-06-30,VRT,BUY,10.572505390269228,DEPENDENCY_LAYER
2025-06-30,NET,BUY,3.1194968514761854,DEPENDENCY_LAYER
2025-06-30,MRVL,BUY,1.2069136383911285,DEPENDENCY_LAYER
2025-06-30,MU,BUY,0.14690110200812256,DEPENDENCY_LAYER
2025-06-30,BE,BUY,7.345055124119426e-07,DEPENDENCY_LAYER
2025-07-31,MP,SELL,77.38644069321984,DEPENDENCY_LAYER
2025-07-31,BE,SELL,44.54170074309923,DEPENDENCY_LAYER
2025-07-31,RSP,BUY,31.124443002695244,DEPENDENCY_LAYER
2025-07-31,SGOV,BUY,37.127611337917216,DEPENDENCY_LAYER
2025-07-31,GLD,BUY,14.790666767545986,DEPENDENCY_LAYER
2025-07-31,MU,BUY,95.76486730956805,DEPENDENCY_LAYER
2025-07-31,AAOI,BUY,30.68675803733875,DEPENDENCY_LAYER
2025-07-31,QCOM,BUY,40.75589551761374,DEPENDENCY_LAYER
2025-07-31,FCX,BUY,26.0632824910046,DEPENDENCY_LAYER
2025-07-31,NBIS,BUY,20.139086743587555,DEPENDENCY_LAYER
2025-07-31,MRVL,BUY,13.888272210800409,DEPENDENCY_LAYER
2025-07-31,NET,BUY,6.779060476039611,DEPENDENCY_LAYER
2025-07-31,NVDA,BUY,3.389530238706584e-05,DEPENDENCY_LAYER
2025-07-31,VRT,BUY,1.694786533334991e-10,DEPENDENCY_LAYER
2025-08-31,BE,SELL,41.452849227247185,DEPENDENCY_LAYER
2025-08-31,LITE,SELL,15.265249630948063,DEPENDENCY_LAYER
2025-08-31,NBIS,SELL,20.36386244288255,DEPENDENCY_LAYER
2025-08-31,RSP,BUY,17.26910317647173,DEPENDENCY_LAYER
2025-08-31,SGOV,BUY,26.090798455156232,DEPENDENCY_LAYER
2025-08-31,GLD,BUY,5.087809794490525,DEPENDENCY_LAYER
2025-08-31,MU,BUY,3.696048482220931,DEPENDENCY_LAYER
2025-08-31,MRVL,BUY,41.62287941090581,DEPENDENCY_LAYER
2025-08-31,VRT,BUY,32.144389181870054,DEPENDENCY_LAYER
2025-08-31,ORCL,BUY,25.377923958293678,DEPENDENCY_LAYER
2025-08-31,LEU,BUY,19.954894861917765,DEPENDENCY_LAYER
2025-08-31,NVDA,BUY,29.749250721090846,DEPENDENCY_LAYER
2025-08-31,NET,BUY,17.156854631978604,DEPENDENCY_LAYER
2025-08-31,PLTR,BUY,43.56850550942431,DEPENDENCY_LAYER
2025-08-31,GEV,BUY,11.936373433485471,DEPENDENCY_LAYER
2025-08-31,AAOI,BUY,5.9681867170979785e-05,DEPENDENCY_LAYER
2025-08-31,QCOM,BUY,2.984066327371693e-10,DEPENDENCY_LAYER
2025-09-30,LEU,SELL,43.64905754273482,DEPENDENCY_LAYER
2025-09-30,BE,SELL,52.38077080198087,DEPENDENCY_LAYER
2025-09-30,MU,SELL,74.29108021293575,DEPENDENCY_LAYER
2025-09-30,NBIS,SELL,58.98745237789487,DEPENDENCY_LAYER
2025-09-30,RSP,BUY,58.61569125845716,DEPENDENCY_LAYER
2025-09-30,SGOV,BUY,69.05857248656315,DEPENDENCY_LAYER
2025-09-30,GLD,BUY,13.067439718042351,DEPENDENCY_LAYER
2025-09-30,MP,BUY,34.9410310679078,DEPENDENCY_LAYER
2025-09-30,FCX,BUY,50.15633147199843,DEPENDENCY_LAYER
2025-09-30,PLTR,BUY,30.322865756232716,DEPENDENCY_LAYER
2025-09-30,VRT,BUY,7.372237547111212,DEPENDENCY_LAYER
2025-09-30,NET,BUY,29.696380578633466,DEPENDENCY_LAYER
2025-09-30,NVDA,BUY,35.23031180209742,DEPENDENCY_LAYER
2025-09-30,QCOM,BUY,42.719513906462396,DEPENDENCY_LAYER
2025-09-30,LITE,BUY,1.2852040504000115,DEPENDENCY_LAYER
2025-09-30,AAOI,BUY,29.293098240729535,DEPENDENCY_LAYER
2025-09-30,GEV,BUY,18.68562603082833,DEPENDENCY_LAYER
2025-10-31,BE,SELL,67.74691055098668,DEPENDENCY_LAYER
2025-10-31,MU,SELL,83.40558861924922,DEPENDENCY_LAYER
2025-10-31,AAOI,SELL,33.667309918198754,DEPENDENCY_LAYER
2025-10-31,RSP,BUY,61.79349426669279,DEPENDENCY_LAYER
2025-10-31,SGOV,BUY,65.82992014169338,DEPENDENCY_LAYER
2025-10-31,GLD,BUY,20.261798379302633,DEPENDENCY_LAYER
2025-10-31,MP,BUY,42.947122531381495,DEPENDENCY_LAYER
2025-10-31,FCX,BUY,20.471648914613496,DEPENDENCY_LAYER
2025-10-31,PLTR,BUY,44.32687812476911,DEPENDENCY_LAYER
2025-10-31,QCOM,BUY,25.261677468588857,DEPENDENCY_LAYER
2025-10-31,NET,BUY,0.297668461955908,DEPENDENCY_LAYER
2025-10-31,NVDA,BUY,25.82387263355588,DEPENDENCY_LAYER
2025-10-31,ORCL,BUY,42.58789849765367,DEPENDENCY_LAYER
2025-10-31,GEV,BUY,26.732045496266423,DEPENDENCY_LAYER
2025-10-31,NBIS,BUY,0.00013366022747618445,DEPENDENCY_LAYER
2025-11-30,LITE,SELL,148.82253499560224,DEPENDENCY_LAYER
2025-11-30,BE,BUY,32.88084788546013,DEPENDENCY_LAYER
2025-11-30,ORCL,BUY,45.00875750311039,DEPENDENCY_LAYER
2025-11-30,PLTR,BUY,90.03202691848207,DEPENDENCY_LAYER
2025-11-30,MP,BUY,0.23497197340407183,DEPENDENCY_LAYER
2025-11-30,NET,BUY,40.490425022715215,DEPENDENCY_LAYER
2025-11-30,QCOM,BUY,16.97084942537839,DEPENDENCY_LAYER
2025-11-30,NVDA,BUY,34.34093771933618,DEPENDENCY_LAYER
2025-11-30,AAOI,BUY,48.32806217891803,DEPENDENCY_LAYER
2025-11-30,NBIS,BUY,41.39046182658134,DEPENDENCY_LAYER
2025-11-30,MRVL,BUY,0.00020695230913503337,DEPENDENCY_LAYER
2025-11-30,LEU,BUY,1.0347491752327187e-09,DEPENDENCY_LAYER
2025-11-30,GEV,BUY,2.1316282072803006e-14,DEPENDENCY_LAYER
2025-12-31,FCX,SELL,34.172227213954415,DEPENDENCY_LAYER
2025-12-31,MU,SELL,139.1654825004316,DEPENDENCY_LAYER
2025-12-31,AAOI,SELL,47.09174255044806,DEPENDENCY_LAYER
2025-12-31,RSP,BUY,12.248552048099498,DEPENDENCY_LAYER
2025-12-31,SGOV,BUY,21.3848414714069,DEPENDENCY_LAYER
2025-12-31,MP,BUY,53.37069660713681,DEPENDENCY_LAYER
2025-12-31,BE,BUY,57.53299659046124,DEPENDENCY_LAYER
2025-12-31,GEV,BUY,20.095699625889722,DEPENDENCY_LAYER
2025-12-31,ORCL,BUY,22.45625786805786,DEPENDENCY_LAYER
2025-12-31,VRT,BUY,30.804331550585914,DEPENDENCY_LAYER
2025-12-31,PLTR,BUY,11.498557113103061,DEPENDENCY_LAYER
2025-12-31,NET,BUY,18.4093972703983,DEPENDENCY_LAYER
2025-12-31,QCOM,BUY,15.782819904783196,DEPENDENCY_LAYER
2025-12-31,MRVL,BUY,26.965825419301183,DEPENDENCY_LAYER
2025-12-31,LEU,BUY,82.631832781024,DEPENDENCY_LAYER
2025-12-31,NBIS,BUY,43.1886481987675,DEPENDENCY_LAYER
2025-12-31,NVDA,BUY,0.00021594324099538653,DEPENDENCY_LAYER
2026-01-31,BE,SELL,136.57843571509002,DEPENDENCY_LAYER
2026-01-31,MU,SELL,217.8570589200832,DEPENDENCY_LAYER
2026-01-31,AAOI,SELL,27.64923649109008,DEPENDENCY_LAYER
2026-01-31,RSP,BUY,37.21172285579297,DEPENDENCY_LAYER
2026-01-31,SGOV,BUY,56.867450545135,DEPENDENCY_LAYER
2026-01-31,ORCL,BUY,62.10477391722185,DEPENDENCY_LAYER
2026-01-31,PLTR,BUY,200.88634044013088,DEPENDENCY_LAYER
2026-01-31,GEV,BUY,3.1597967331654218,DEPENDENCY_LAYER
2026-01-31,NET,BUY,50.34899107871442,DEPENDENCY_LAYER
2026-01-31,LITE,BUY,0.8869431712854521,DEPENDENCY_LAYER
2026-01-31,QCOM,BUY,79.95676753239218,DEPENDENCY_LAYER
2026-01-31,NVDA,BUY,40.170189430031485,DEPENDENCY_LAYER
2026-01-31,MRVL,BUY,43.02784084518015,DEPENDENCY_LAYER
2026-01-31,NBIS,BUY,0.00021513920421512012,DEPENDENCY_LAYER
2026-02-28,VRT,SELL,73.44102734379345,DEPENDENCY_LAYER
2026-02-28,AAOI,SELL,207.15411277378342,DEPENDENCY_LAYER
2026-02-28,LITE,SELL,171.45870060481553,DEPENDENCY_LAYER
2026-02-28,RSP,BUY,30.87777217841449,DEPENDENCY_LAYER
2026-02-28,SGOV,BUY,51.88940382103556,DEPENDENCY_LAYER
2026-02-28,ORCL,BUY,54.85996212522366,DEPENDENCY_LAYER
2026-02-28,MP,BUY,17.10185497719948,DEPENDENCY_LAYER
2026-02-28,BE,BUY,18.587192901539822,DEPENDENCY_LAYER
2026-02-28,MU,BUY,81.60282865129375,DEPENDENCY_LAYER
2026-02-28,PLTR,BUY,125.27622406979094,DEPENDENCY_LAYER
2026-02-28,NVDA,BUY,65.9187427836456,DEPENDENCY_LAYER
2026-02-28,NET,BUY,32.9951861659963,DEPENDENCY_LAYER
2026-02-28,QCOM,BUY,61.41550002914829,DEPENDENCY_LAYER
2026-02-28,NBIS,BUY,44.372215103072136,DEPENDENCY_LAYER
2026-02-28,LEU,BUY,60.2682245304579,DEPENDENCY_LAYER
2026-02-28,MRVL,BUY,0.00030134112266466673,DEPENDENCY_LAYER
2026-03-31,MRVL,SELL,37.26613552623604,DEPENDENCY_LAYER
2026-03-31,NBIS,SELL,38.09898787846737,DEPENDENCY_LAYER
2026-03-31,NET,SELL,54.78046603055009,DEPENDENCY_LAYER
2026-03-31,RSP,BUY,29.61494190408996,DEPENDENCY_LAYER
2026-03-31,GLD,BUY,23.15161080112881,DEPENDENCY_LAYER
2026-03-31,MP,BUY,49.557702242559856,DEPENDENCY_LAYER
2026-03-31,LEU,BUY,65.26911691242861,DEPENDENCY_LAYER
2026-03-31,BE,BUY,35.608762067470906,DEPENDENCY_LAYER
2026-03-31,MU,BUY,126.91164718750325,DEPENDENCY_LAYER
2026-03-31,FCX,BUY,0.0006345582359301716,DEPENDENCY_LAYER
2026-03-31,VRT,BUY,3.17277226713486e-09,DEPENDENCY_LAYER
2026-03-31,QCOM,BUY,2.842170943040401e-14,DEPENDENCY_LAYER
2026-04-30,BE,SELL,220.62982567380345,DEPENDENCY_LAYER
2026-04-30,MU,SELL,164.96841477297016,DEPENDENCY_LAYER
2026-04-30,AAOI,SELL,182.36757241993996,DEPENDENCY_LAYER
2026-04-30,MRVL,SELL,104.06597266624772,DEPENDENCY_LAYER
2026-04-30,RSP,BUY,115.25771201142084,DEPENDENCY_LAYER
2026-04-30,SGOV,BUY,162.3543729835053,DEPENDENCY_LAYER
2026-04-30,GLD,BUY,65.56371345012118,DEPENDENCY_LAYER
2026-04-30,FCX,BUY,101.91557923249755,DEPENDENCY_LAYER
2026-04-30,LEU,BUY,20.754407119170935,DEPENDENCY_LAYER
2026-04-30,ORCL,BUY,48.54040268953787,DEPENDENCY_LAYER
2026-04-30,PLTR,BUY,228.18518843954337,DEPENDENCY_LAYER
2026-04-30,LITE,BUY,0.6582585536165766,DEPENDENCY_LAYER
2026-04-30,NET,BUY,81.85329381494506,DEPENDENCY_LAYER
2026-04-30,NVDA,BUY,25.8640478557205,DEPENDENCY_LAYER
2026-04-30,VRT,BUY,0.00012932023926737202,DEPENDENCY_LAYER
2026-04-30,QCOM,BUY,6.465938895416912e-10,DEPENDENCY_LAYER
2026-05-31,QCOM,SELL,86.3991849176399,DEPENDENCY_LAYER
2026-05-31,MU,SELL,708.2606932703368,DEPENDENCY_LAYER
2026-05-31,ORCL,SELL,65.83370546862716,DEPENDENCY_LAYER
2026-05-31,NBIS,SELL,182.11821566740576,DEPENDENCY_LAYER
2026-05-31,RSP,BUY,120.83325918078629,DEPENDENCY_LAYER
2026-05-31,SGOV,BUY,155.45920399429326,DEPENDENCY_LAYER
2026-05-31,GLD,BUY,63.389489761061725,DEPENDENCY_LAYER
2026-05-31,GEV,BUY,98.10679780280077,DEPENDENCY_LAYER
2026-05-31,LEU,BUY,124.00031891132443,DEPENDENCY_LAYER
2026-05-31,MP,BUY,62.16708246079321,DEPENDENCY_LAYER
2026-05-31,BE,BUY,73.88697261315366,DEPENDENCY_LAYER
2026-05-31,AAOI,BUY,88.81689053557841,DEPENDENCY_LAYER
2026-05-31,FCX,BUY,27.217483833267636,DEPENDENCY_LAYER
2026-05-31,LITE,BUY,94.6321373795098,DEPENDENCY_LAYER
2026-05-31,VRT,BUY,89.98181191100798,DEPENDENCY_LAYER
2026-05-31,PLTR,BUY,94.35172783876942,DEPENDENCY_LAYER
2026-05-31,NVDA,BUY,127.22180974307184,DEPENDENCY_LAYER
2026-05-31,NET,BUY,2.3313991529346083,DEPENDENCY_LAYER
2026-06-30,GEV,SELL,90.71061698998074,DEPENDENCY_LAYER
2026-06-30,MU,SELL,239.84095335319762,DEPENDENCY_LAYER
2026-06-30,MRVL,SELL,208.32049968428498,DEPENDENCY_LAYER
2026-06-30,NBIS,SELL,82.670865336166,DEPENDENCY_LAYER
2026-06-30,SGOV,BUY,0.5857004179275691,DEPENDENCY_LAYER
2026-06-30,GLD,BUY,40.44145481885482,DEPENDENCY_LAYER
2026-06-30,LEU,BUY,36.12266882435631,DEPENDENCY_LAYER
2026-06-30,AAOI,BUY,29.50509799541254,DEPENDENCY_LAYER
2026-06-30,FCX,BUY,20.07438618342286,DEPENDENCY_LAYER
2026-06-30,ORCL,BUY,152.95447558312992,DEPENDENCY_LAYER
2026-06-30,PLTR,BUY,334.3957015082233,DEPENDENCY_LAYER
2026-06-30,QCOM,BUY,171.28875844777843,DEPENDENCY_LAYER
2026-06-30,NET,BUY,5.25416859873468,DEPENDENCY_LAYER
2026-06-30,LITE,BUY,0.011324655348118995,DEPENDENCY_LAYER
2026-06-30,NVDA,BUY,30.200101719497766,DEPENDENCY_LAYER
2026-06-30,MP,BUY,0.00015100050859473413,DEPENDENCY_LAYER
2026-07-31,RSP,SELL,103.7442349097987,DEPENDENCY_LAYER
2026-07-31,SGOV,SELL,94.75443306999705,DEPENDENCY_LAYER
2026-07-31,GLD,SELL,37.274541706522996,DEPENDENCY_LAYER
2026-07-31,FCX,SELL,43.479856928291554,DEPENDENCY_LAYER
2026-07-31,LEU,SELL,67.58962807986921,DEPENDENCY_LAYER
2026-07-31,NVDA,SELL,63.11738366944746,DEPENDENCY_LAYER
2026-07-31,NET,SELL,103.71915748896339,DEPENDENCY_LAYER
2026-07-31,PLTR,SELL,203.6738839851057,DEPENDENCY_LAYER
2026-07-31,NBIS,BUY,90.23084395268552,DEPENDENCY_LAYER
2026-07-31,GEV,BUY,23.776813640735213,DEPENDENCY_LAYER
2026-07-31,AAOI,BUY,113.13926076126046,DEPENDENCY_LAYER
2026-07-31,MU,BUY,239.93603704039992,DEPENDENCY_LAYER
2026-07-31,BE,BUY,77.21835878114194,DEPENDENCY_LAYER
2026-07-31,VRT,BUY,58.59320313569174,DEPENDENCY_LAYER
2026-07-31,QCOM,BUY,64.39813569051807,DEPENDENCY_LAYER
2026-07-31,ORCL,BUY,3.765944169158331,DEPENDENCY_LAYER
2026-07-31,MRVL,BUY,116.06660967592865,DEPENDENCY_LAYER
2026-07-31,LITE,BUY,28.489815185286886,DEPENDENCY_LAYER
2026-07-31,MP,BUY,112.85146076829764,DEPENDENCY_LAYER
2026-08-31,MP,SELL,59.41284828237184,DEPENDENCY_LAYER
2026-08-31,PLTR,SELL,401.7487000710735,DEPENDENCY_LAYER
2026-08-31,RSP,BUY,105.68799541746944,DEPENDENCY_LAYER
2026-08-31,SGOV,BUY,134.90621362106185,DEPENDENCY_LAYER
2026-08-31,GLD,BUY,21.43123440005212,DEPENDENCY_LAYER
2026-08-31,GEV,BUY,102.20850761761801,DEPENDENCY_LAYER
2026-08-31,LEU,BUY,78.30433016391004,DEPENDENCY_LAYER
2026-08-31,NBIS,BUY,33.72174757953252,DEPENDENCY_LAYER
2026-08-31,BE,BUY,65.28424243985847,DEPENDENCY_LAYER
2026-08-31,AAOI,BUY,11.109563390791493,DEPENDENCY_LAYER
2026-08-31,MU,BUY,6.3037714262320605,DEPENDENCY_LAYER
2026-08-31,VRT,BUY,38.59809469377558,DEPENDENCY_LAYER
2026-08-31,ORCL,BUY,8.541117442280665,DEPENDENCY_LAYER
2026-08-31,QCOM,BUY,8.929605757536251,DEPENDENCY_LAYER
2026-08-31,NVDA,BUY,28.747974344369197,DEPENDENCY_LAYER
2026-08-31,NET,BUY,0.00014373987173144087,DEPENDENCY_LAYER
2026-08-31,MRVL,BUY,7.186997663666261e-10,DEPENDENCY_LAYER
2026-09-30,BE,SELL,115.54760024421694,DEPENDENCY_LAYER
2026-09-30,LITE,SELL,60.28006175829671,DEPENDENCY_LAYER
2026-09-30,NBIS,SELL,51.713853486496305,DEPENDENCY_LAYER
2026-09-30,RSP,BUY,60.21667895914061,DEPENDENCY_LAYER
2026-09-30,SGOV,BUY,47.390882996455275,DEPENDENCY_LAYER
2026-09-30,GLD,BUY,22.528492378928433,DEPENDENCY_LAYER
2026-09-30,AAOI,BUY,22.300207548728906,DEPENDENCY_LAYER
2026-09-30,PLTR,BUY,193.27717642832022,DEPENDENCY_LAYER
2026-09-30,FCX,BUY,5.01286228356463,DEPENDENCY_LAYER
2026-09-30,NVDA,BUY,38.47354162452473,DEPENDENCY_LAYER
2026-09-30,VRT,BUY,15.989975971060574,DEPENDENCY_LAYER
2026-09-30,NET,BUY,16.19580633216283,DEPENDENCY_LAYER
2026-09-30,QCOM,BUY,8.097903166515152e-05,DEPENDENCY_LAYER
2026-09-30,MP,BUY,4.048814616908203e-10,DEPENDENCY_LAYER
